Start Time, 2026-04-01 00:00:00
End Time, 2026-04-30 23:59:59
Campaign ID,Campaign Name,Campaign Status,campaign_type,Campaign Budget,Budgeting Type,Ad Spend,Views,SUM(clicks),Total converted units,Total Revenue (Rs.),ROI,Click Through Rate,Conversion Rate
D6YQEL1KVSVC,CPC-SLOW SELLING-30-3-2026,TOTAL_BUDGET_MET,PLA,150000.0,TOTAL_BUDGET,118380,3063456,67179,69.0,148470.0,1.254181449569184,0.021929154523518537,0.0010271066851248159
ALAC7NEOY85N,CPC-HN-SHoe Organiser-26-11-2025,DAILY_BUDGET_MET,PLA,1000.0,DAILY_BUDGET,71843,3420960,57019,120.0,183343.0,2.5519953231351695,0.01666754361348861,0.0021045616373489536
LICDXYBAPAVL,Boost_Sales_ComputerAccessory 27-11-2025,DAILY_BUDGET_MET,PLA,1000.0,DAILY_BUDGET,70371,1874357,37824,854.0,219985.0,3.1260746614372397,0.020179720298747785,0.022578257191201354
9UYT465C57U3,CPC-Macbook Cases-Fast Moving-2-7-2025,LIVE,PLA,1000.0,DAILY_BUDGET,26700,213052,11073,210.0,153214.0,5.738352059925093,0.05197322719336125,0.018965050121918178
SPDUS7PY7K8Z,Clone of CPC-Mobile Cooler-3-10-2025,DAILY_BUDGET_MET,PLA,800.0,DAILY_BUDGET,26166,333260,11238,73.0,65389.0,2.499006344110678,0.03372141871211667,0.006495817761167468
QOIZWNLFNS3D,CPC-HN-Modular storage organiser-20-11-2025,DAILY_BUDGET_MET,PLA,700.0,DAILY_BUDGET,24532,912409,13174,54.0,112391.0,4.581403880645688,0.01443870018818315,0.004098982844997723
S9TPKRF9L4T3,CPC-HN-Laundry Bag-7-3-2026,DAILY_BUDGET_MET,PLA,500.0,DAILY_BUDGET,21240,701792,7448,85.0,44514.0,2.0957627118644067,0.01061283115225024,0.011412459720730397
H6FNX6JC2IC6,CPC-New Stylus-S3-4-9-2025,LIVE,PLA,800.0,DAILY_BUDGET,20946,354626,14058,397.0,109306.0,5.218466532989591,0.03964176343528111,0.028240147958457817
8ZE4MBB6N7F7,Growth_Campaign_Apr_4kljjmf6twbuuyet,COMPLETED,PLA,500.0,DAILY_BUDGET,17149,402762,8084,89.0,39442.0,2.29995918129337,0.020071406935113046,0.011009401286491836
DQPIN9AX2ZD6,Boost_Sales_TabletAccessories 27-03-2026,LIVE,PLA,800.0,DAILY_BUDGET,15047,359283,10268,519.0,143365.0,9.52781285306041,0.028579142347397456,0.050545383716400466
3LUFZXHWBXVW,ROI-Top performing-20-9-2025,LIVE,PLA,120000.0,TOTAL_BUDGET,14680,705058,13377,123.0,80247.0,5.46641689373297,0.018972907193450753,0.009194886745907155
V8BB3EH5RT6L,CPC-Cleaning Kit-Fast Moving-2-7-2025,LIVE,PLA,1500.0,DAILY_BUDGET,12862,248545,5201,177.0,57614.0,4.479396672368217,0.020925788086664388,0.03403191693905018
VTB01XLT441V,Clone of Top Performance February,LIVE,PLA,80000.0,TOTAL_BUDGET,12698,203571,5781,230.0,62713.0,4.9388092613009915,0.02839795452200952,0.0397855042380211
ZGIR9LZE41ZK,CPC-Lunch Box-2-3-2026,DAILY_BUDGET_MET,PLA,600.0,DAILY_BUDGET,12377,155221,3200,22.0,10737.0,0.8674961622364062,0.020615767196448934,0.006875
796KDP1HHD2X,ROI-Top performing-24-10-2025,LIVE,PLA,210000.0,TOTAL_BUDGET,9531,196920,7259,368.0,93989.0,9.861399643269332,0.03686268535445866,0.050695688111310096
F6MW0VQBLHVT,CPC-Tablet Stand-Low CVR-4-8-2025,LIVE,PLA,600.0,DAILY_BUDGET,8892,458016,3952,73.0,38869.0,4.371232568600989,0.00862851952770209,0.01847165991902834
V4UDUH7SMJVP,CPC-Smart Plug-Fast Moving-30-9-2025,LIVE,PLA,75000.0,TOTAL_BUDGET,8666,172692,3388,43.0,35209.0,4.062889453034849,0.019618743195978967,0.01269185360094451
KTQ75TQP8IBH,CPC-HN-Cloth Rack-17-03-2026,DAILY_BUDGET_MET,PLA,500.0,DAILY_BUDGET,8117,566809,7881,18.0,29108.0,3.586053960822964,0.013904154662328933,0.0022839741149600305
6YKQCA76HIPK,PLA_Campaign-2026-03-02,DAILY_BUDGET_MET,PLA,300.0,DAILY_BUDGET,8030,378137,6424,67.0,32983.0,4.1074719800747195,0.016988551768274462,0.010429638854296389
CMJ9IVBCTQG3,Boost_Sales_RestOfMobileAccessory 27-11-2025,LIVE,PLA,500.0,DAILY_BUDGET,7796,793709,13450,709.0,157314.0,20.178809645972294,0.016945757198167086,0.052713754646840146
77G9C8OVRR6S,CPC-Jupiter Low sale-30-9-2025,LIVE,PLA,300.0,DAILY_BUDGET,7784,399838,4391,90.0,29185.0,3.7493576567317577,0.01098194768881397,0.02049647005237987
S1ZWUEGZV2SQ,ROI-USB Hub-Low CVR-24-9-2025,LIVE,PLA,60000.0,TOTAL_BUDGET,6859,247746,3217,36.0,32379.0,4.720658988190698,0.012985073421972504,0.011190550202051602
HJ7N4S3WLFRY,CPC-Cleaning Kit-Less Clicks-4-8-2025,DAILY_BUDGET_MET,PLA,300.0,DAILY_BUDGET,6649,107238,2127,27.0,16904.0,2.542337193562942,0.019834387064286915,0.012693935119887164
TPXACV8RIDMK,ROI-OTG Adapter-6-11-2025,LIVE,PLA,60000.0,TOTAL_BUDGET,6596,278742,5373,313.0,68799.0,10.430412371134022,0.019275889532255633,0.05825423413363112
D5N0ZVOXDI9J,ROI-USB Hub-Fast Moving-24-9-2025,LIVE,PLA,56250.0,TOTAL_BUDGET,5923,191869,2927,83.0,33429.0,5.643930440655073,0.015255200162610947,0.0283566791937137
A8IV6KIX3W1D,CPC-Mousepad-Low CVR-2-7-2025,LIVE,PLA,1300.0,DAILY_BUDGET,5914,87642,1449,52.0,25314.0,4.280351707811971,0.016533169028547956,0.035886818495514144
LF0BJ2EMD5VX,QuickCampaign 28-08-2024 06_28,LIVE,PLA,4000.0,DAILY_BUDGET,5716,237247,3151,79.0,53637.0,9.383659902029391,0.013281516731507669,0.02507140590288797
JHP9JK0ZI5AC,ROI-Laptop Stand-Fast Moving-20-8-2025,LIVE,PLA,100000.0,TOTAL_BUDGET,5507,107926,3097,106.0,31113.0,5.649718540039949,0.028695587717510147,0.0342266709719083
XW6U0VXKJ5TG,LTA-CPC-Leather Laptop sleeve-3-9-2025,ABORTED,PLA,300.0,DAILY_BUDGET,5466,90394,2282,20.0,15893.0,2.907610684229784,0.025245038387503596,0.008764241893076249
3BO6DTAQT0GZ,CPC-Shower Filter-22-11-2025,ABORTED,PLA,300.0,DAILY_BUDGET,5379,84471,1314,6.0,5390.0,1.0020449897750512,0.015555634478104912,0.0045662100456621
MN0KQ7WO7XQY,CPC-Monitor Arm-16-10-2025,LIVE,PLA,300.0,DAILY_BUDGET,5114,137276,4371,53.0,111181.0,21.74051622995698,0.03184096273201434,0.012125371768474034
HCIL6QSRQTMF,ROI-Mobile Stand-Fast Moving-25-8-2025,LIVE,PLA,30000.0,TOTAL_BUDGET,4064,176644,1756,97.0,24119.0,5.934793307086614,0.009940898077489187,0.055239179954441914
2E0OX39N9VJG,PCA-ALIENS-MobileHolder,LIVE,SELLER_PCA,300.0,DAILY_BUDGET,3961.0,885674,7922,113.0,34727.0,8.767230497349155,0.008944600383436795,0.014264074728603887
30GX0LG5S60L,PCA-YASH-ALIENS-STYLUS,PAUSED,SELLER_PCA,500.0,DAILY_BUDGET,3890.0,195088,1945,73.0,20050.0,5.154241645244216,0.009969859755597475,0.037532133676092545
PAA2CGEZL3FJ,Boost_Sales_StudyRoomSF 27-03-2026,LIVE,PLA,500.0,DAILY_BUDGET,3703,183142,4028,12.0,14791.0,3.9943289224952743,0.0219938626857848,0.0029791459781529296
H0CJ81932NZY,ROI-Keyguard-24-9-2025,LIVE,PLA,75000.0,TOTAL_BUDGET,3638,98597,6393,271.0,43633.0,11.993677844969763,0.06483970100510157,0.042390114187392455
1KPG70C083PU,CPC-Lunch Bag-17-3-2026,LIVE,PLA,300.0,DAILY_BUDGET,3352,74730,1228,14.0,6247.0,1.8636634844868736,0.0164324902984076,0.011400651465798045
2AKXJPIFWVN7,ROI-AUX Cable-6-11-2025,LIVE,PLA,33750.0,TOTAL_BUDGET,2939,125439,3262,137.0,26720.0,9.091527730520585,0.026004671593364104,0.04199877375843041
97V49NYGJT1F,CPC-Car Duster-16-4-2026,LIVE,PLA,500.0,DAILY_BUDGET,2883,23939,589,21.0,12527.0,4.3451266042317025,0.02460420234763357,0.035653650254668934
90TB8HCU0L60,CPC-Leather Laptop Sleeve-21-4-2026,DAILY_BUDGET_MET,PLA,500.0,DAILY_BUDGET,2713,38200,994,11.0,7300.0,2.69074824917066,0.026020942408376962,0.011066398390342052
EOTK0IBU30QZ,CPC-Mobile stand-8-10-2025,LIVE,PLA,300.0,DAILY_BUDGET,2640,134980,1650,62.0,18304.0,6.933333333333334,0.012224033190102237,0.037575757575757575
LLS4WDJWTJSV,ROI-Cleaning Kit-Low CVR-20-8-2025,LIVE,PLA,70000.0,TOTAL_BUDGET,1865,59889,1254,21.0,10419.0,5.586595174262735,0.020938736662826227,0.016746411483253586
4XAGS1L0DN9T,CPC-Mousepad-Fast Moving-2-7-2025,LIVE,PLA,300.0,DAILY_BUDGET,1810,87070,957,74.0,20899.0,11.546408839779007,0.010991156540714368,0.07732497387669801
09KP2Q2364EG,ROI-Stylus Tip-Fast Moving-8-10-2025,LIVE,PLA,12655.0,TOTAL_BUDGET,1484,58604,794,39.0,10962.0,7.386792452830188,0.013548563238004232,0.0491183879093199
GZ48SNGWZY86,ROI-Extended Mousepad-Fast Moving-8-10-2025,LIVE,PLA,22500.0,TOTAL_BUDGET,1420,58020,1507,29.0,8022.0,5.649295774647888,0.02597380213719407,0.019243530192435302
EJ0VHUSLJLHD,ROI-Door bell-Fast Moving-12-11-2025,PAUSED,PLA,85000.0,TOTAL_BUDGET,1343,12767,308,13.0,10232.0,7.618763961280715,0.024124696483120545,0.04220779220779221
YKXRH6BOLX6Y,CPC-Shower Filter-21-4-2026,PAUSED,PLA,300.0,DAILY_BUDGET,1206,33068,310,0.0,0.0,0.0,0.009374621991048748,0.0
AKJ4KKX85TH7,Clone of CPC-Mousepad-Low Clicks-2-7-2025,LIVE,PLA,300.0,DAILY_BUDGET,1137,28151,356,8.0,4341.0,3.8179419525065965,0.012646087172746972,0.02247191011235955
3CMXO11W4IKA,CPC-Gel Mousepad-16-10-2025,LIVE,PLA,300.0,DAILY_BUDGET,1034,27707,470,28.0,8843.0,8.552224371373308,0.01696322229039593,0.059574468085106386
MBD7QLRYJNAW,Boost_Sales_BedRoomSF 27-03-2026,LIVE,PLA,500.0,DAILY_BUDGET,869,64650,863,2.0,2898.0,3.334867663981588,0.013348801237432328,0.002317497103128621
VNEU6SZCRR19,ROI-LTA-GDO-1 and 7-3-10-2025,LIVE,PLA,15000.0,TOTAL_BUDGET,685,78967,1626,17.0,6033.0,8.807299270072992,0.02059087973457267,0.010455104551045511
QINES5XF6HV5,ROI-Stylus-23-7-2025,PAUSED,PLA,125000.0,TOTAL_BUDGET,674,7794,344,20.0,5382.0,7.985163204747774,0.04413651526815499,0.05813953488372093
GXIGFD08AG8I,CPC-Charger-21-4-2026,LIVE,PLA,300.0,DAILY_BUDGET,535,20923,193,3.0,1424.0,2.661682242990654,0.009224298618744922,0.015544041450777202
X1RUD7FM9LRJ,Clone of CPC-Charger-Low Clicks-2-7-2025,ABORTED,PLA,300.0,DAILY_BUDGET,404,19327,180,0.0,0.0,0.0,0.009313395767579034,0.0
IGS82JYC5RXB,Clone of CPC-Ring Light-Fast Moving-22-11-2025,ABORTED,PLA,300.0,DAILY_BUDGET,306,11745,85,0.0,0.0,0.0,0.007237122179650915,0.0
51KXVT7BJSIC,Boost_Sales_LuggageAndAccessories 27-03-2026,ABORTED,PLA,300.0,DAILY_BUDGET,208,7951,71,0.0,0.0,0.0,0.008929694378065652,0.0
H7BL2HFTOF77,Boost_Sales_GamingHardwareGaming 27-03-2026,LIVE,PLA,300.0,DAILY_BUDGET,159,10897,261,1.0,871.0,5.477987421383648,0.023951546297146003,0.0038314176245210726
L1RT9RDQFRIH,CPC-Stylus Pencil-7-3-2026,ABORTED,PLA,300.0,DAILY_BUDGET,124,925,29,1.0,748.0,6.032258064516129,0.03135135135135135,0.034482758620689655
KQYEW7QAELS4,ROI-HDMI Cable-Fast Moving-30-8-2025,LIVE,PLA,15000.0,TOTAL_BUDGET,111,13776,163,3.0,591.0,5.324324324324325,0.011832171893147503,0.018404907975460124
OFTPNDD0OTFG,PCA-ALIENS-TRAVEL ORGANIZER,ABORTED,SELLER_PCA,300.0,DAILY_BUDGET,66.5,6984,133,0.0,0.0,0.0,0.019043528064146623,0.0
5YUMJSRZ13K7,Clone of CPC-Selfie stick-Fast Moving-6-11-2025,ABORTED,PLA,300.0,DAILY_BUDGET,60,2645,39,0.0,0.0,0.0,0.014744801512287334,0.0
X76YIM8JJAB5,CPC-Travel Adapter-Fast Moving-2-7-2025,ABORTED,PLA,300.0,DAILY_BUDGET,53,3395,36,0.0,0.0,0.0,0.010603829160530192,0.0
4V773TYB9EHR,Clone of ROI-Tablet Stand-Fast Moving-8-10-2025,ABORTED,PLA,1000.0,TOTAL_BUDGET,38,2874,19,0.0,0.0,0.0,0.006610995128740431,0.0
B7Y4TN1CFAOG,CPC-Micro-Fiber Cloth-Fast Moving-24-9-2025,LIVE,PLA,300.0,DAILY_BUDGET,34,3181,13,0.0,0.0,0.0,0.004086765168186105,0.0
P25O4CGHGECZ,LTA-ROI-Travel Organiser-A-GDO-07-JTBLK-3-9-2025,ABORTED,PLA,80000.0,TOTAL_BUDGET,24,2137,38,0.0,0.0,0.0,0.017781937295273748,0.0
UKGX942Z215V,Clone of CPC-Data Cable-Low CVR-8-10-2025,ABORTED,PLA,300.0,DAILY_BUDGET,12,1141,7,0.0,0.0,0.0,0.006134969325153374,0.0
UGQUIPT1756X,Boost_Sales_LivingRoomSF 27-03-2026,ABORTED,PLA,300.0,DAILY_BUDGET,10,1207,8,0.0,0.0,0.0,0.006628003314001657,0.0
GIG9XPF4PXFI,Boost_Sales_Bathroom 27-03-2026,ABORTED,PLA,300.0,DAILY_BUDGET,8,1181,9,0.0,0.0,0.0,0.007620660457239628,0.0
JVAAU54I7IQZ,CPC-Printer Cable-Fast Moving-1-7-2025,ABORTED,PLA,300.0,DAILY_BUDGET,5,14,1,0.0,0.0,0.0,0.07142857142857142,0.0
7F1EZVW7794I,ROI-Vehicle Steering-Fast Moving-18-7-2025,ABORTED,PLA,9000.0,TOTAL_BUDGET,4,958,7,0.0,0.0,0.0,0.007306889352818371,0.0
I1ZIZ65VE4G7,Boost_Sales_ToolsAndMeasuringEquipments 27-03-2026,ABORTED,PLA,300.0,DAILY_BUDGET,3,457,3,0.0,0.0,0.0,0.006564551422319475,0.0
00BN9KB6TXN1,H36 37 lunchbox,COMPLETED,PLA,1000.0,TOTAL_BUDGET,0,0,0,0,0,0,0,0
00MEM4CXO8S5,Low Selling Sleeve,ABORTED,PLA,1000.0,TOTAL_BUDGET,0,0,0,0,0,0,0,0
00O46S2PNTAY,Laptop Bag,COMPLETED,PLA,1000.0,TOTAL_BUDGET,0,0,0,0,0,0,0,0
01CFW64F1MOF,AY_Tizum_EP_ROI,ABORTED,PLA,3000.0,TOTAL_BUDGET,0,0,0,0,0,0,0,0
034WAVR72NRQ,Insulated LunchBox,COMPLETED,PLA,1000.0,TOTAL_BUDGET,0,0,0,0,0,0,0,0
03EQ41NT,Lunch Box 1700 ML,ABORTED,PLA,1980.0,TOTAL_BUDGET,0,0,0,0,0,0,0,0
03JDDKC3U71E,1700ml LunchBox,COMPLETED,PLA,1000.0,TOTAL_BUDGET,0,0,0,0,0,0,0,0
03KM6KC11BFZ,AirSound,COMPLETED,PLA,1000.0,TOTAL_BUDGET,0,0,0,0,0,0,0,0
03MJB0066Z53,Glass LunchBox,COMPLETED,PLA,1000.0,TOTAL_BUDGET,0,0,0,0,0,0,0,0
054TWASGX40V,Mobile Cables,COMPLETED,PLA,1000.0,TOTAL_BUDGET,0,0,0,0,0,0,0,0
06HHBAN9W6KT,CPC-Screwdriver Set-Low CVR-14-11-2025,PAUSED,PLA,300.0,DAILY_BUDGET,0,0,0,0,0,0,0,0
07KWIX7BAUPZ,Chopping board,ABORTED,PLA,1000.0,TOTAL_BUDGET,0,0,0,0,0,0,0,0
08AMDB6CWBRH,Glass Lunch Box,ABORTED,PLA,1000.0,TOTAL_BUDGET,0,0,0,0,0,0,0,0
09KVOO7M5DEQ,Sunglasses,COMPLETED,PLA,1000.0,TOTAL_BUDGET,0,0,0,0,0,0,0,0
0A5ZUXHQPPGV,ROI-Door bell-Fast Moving-20-9-2025,ABORTED,PLA,27000.0,TOTAL_BUDGET,0,0,0,0,0,0,0,0
0AHY5ZYRJKYQ,Clone of CPC-Charger-Fast Moving-2-7-2025,PAUSED,PLA,300.0,DAILY_BUDGET,0,0,0,0,0,0,0,0
0CFTP4DRJLDK,AirCase New Sleeve,BUDGET_MET,PLA,1000.0,TOTAL_BUDGET,0,0,0,0,0,0,0,0
0F5ZZ3V7PBB3,Cables,COMPLETED,PLA,1000.0,TOTAL_BUDGET,0,0,0,0,0,0,0,0
0FC00A3J,Tukzer Micro Cable,COMPLETED,PLA,848.0,TOTAL_BUDGET,0,0,0,0,0,0,0,0
0FP304BW4KO4,H36 37 lunchbox,COMPLETED,PLA,1000.0,TOTAL_BUDGET,0,0,0,0,0,0,0,0
0FZ4O16I9G0D,Laptop Sleeve,COMPLETED,PLA,5000.0,TOTAL_BUDGET,0,0,0,0,0,0,0,0
0FZEMWDBL2V9,Bottel 500ml,COMPLETED,PLA,1000.0,TOTAL_BUDGET,0,0,0,0,0,0,0,0
0GXWI9GB7S6F,Airsound,COMPLETED,PLA,1000.0,TOTAL_BUDGET,0,0,0,0,0,0,0,0
0H8AC9K3E694,Gadget Organizer,ABORTED,PLA,1000.0,TOTAL_BUDGET,0,0,0,0,0,0,0,0
0J12BTXSAXN3,Clone of CPC-extended mousepad-30-8-2025,PAUSED,PLA,300.0,DAILY_BUDGET,0,0,0,0,0,0,0,0
0JX5ITGMVXGK,metal stand,COMPLETED,PLA,1000.0,TOTAL_BUDGET,0,0,0,0,0,0,0,0
0L4F2D20OEUO,Choppers,COMPLETED,PLA,1000.0,TOTAL_BUDGET,0,0,0,0,0,0,0,0
0MNS36E0,Gadget Organiser,COMPLETED,PLA,2543.0,TOTAL_BUDGET,0,0,0,0,0,0,0,0
0N5BYLCQC818,FJ Canister Bott,COMPLETED,PLA,2000.0,TOTAL_BUDGET,0,0,0,0,0,0,0,0
0OND9C6C2ACT,LunchBox,COMPLETED,PLA,2000.0,TOTAL_BUDGET,0,0,0,0,0,0,0,0
0PF9GV6EGKR5,Gizga & Tizum Sleeve,BUDGET_MET,PLA,1000.0,TOTAL_BUDGET,0,0,0,0,0,0,0,0
0PKYSMKZ7EK0,Glass LunchBox,COMPLETED,PLA,1000.0,TOTAL_BUDGET,0,0,0,0,0,0,0,0
0PUTWXH2A0Y5,High Sale Sunglass,COMPLETED,PLA,2000.0,TOTAL_BUDGET,0,0,0,0,0,0,0,0
0QR1X84IYSET,gizga cable,COMPLETED,PLA,1000.0,TOTAL_BUDGET,0,0,0,0,0,0,0,0
0QTB524HDWF5,Backpack,COMPLETED,PLA,2000.0,TOTAL_BUDGET,0,0,0,0,0,0,0,0
0QZVL3QBTGTI,Backpack,COMPLETED,PLA,3000.0,TOTAL_BUDGET,0,0,0,0,0,0,0,0
0R9JLLLHAH5Q,Gecko Sleeve,COMPLETED,PLA,,TOTAL_BUDGET,0,0,0,0,0,0,0,0
0RMQSW35I4FM,Backpack,COMPLETED,PLA,1000.0,TOTAL_BUDGET,0,0,0,0,0,0,0,0
0RS7W1K9O9WZ,Car Charger,COMPLETED,PLA,1000.0,TOTAL_BUDGET,0,0,0,0,0,0,0,0
0SXKYX7746ON,C92-C95,ABORTED,PLA,1000.0,TOTAL_BUDGET,0,0,0,0,0,0,0,0
0TJ736RCRUEJ,iPhone Cases,COMPLETED,PLA,1000.0,TOTAL_BUDGET,0,0,0,0,0,0,0,0
0TUE3SXOZLKS,New Laptop Sleeve,COMPLETED,PLA,1000.0,TOTAL_BUDGET,0,0,0,0,0,0,0,0
0TWR6TC1,CHarger,COMPLETED,PLA,1695.0,TOTAL_BUDGET,0,0,0,0,0,0,0,0
0USTZDZI,HDD Case,COMPLETED,PLA,848.0,TOTAL_BUDGET,0,0,0,0,0,0,0,0
0VKGMZC38CXU,AirCase Old Sleeve,BUDGET_MET,PLA,1000.0,TOTAL_BUDGET,0,0,0,0,0,0,0,0
0VYZGF2D3MMJ,Passport Holder,COMPLETED,PLA,1000.0,TOTAL_BUDGET,0,0,0,0,0,0,0,0
0W08GFAJDUXV,1700ml LunchBox,COMPLETED,PLA,1000.0,TOTAL_BUDGET,0,0,0,0,0,0,0,0
0W9P4RNQN0RA,CPC-Ring Light-Fast Moving-22-11-2025,PAUSED,PLA,300.0,DAILY_BUDGET,0,0,0,0,0,0,0,0
0WBFU6WSLQHF,C51,COMPLETED,PLA,1000.0,TOTAL_BUDGET,0,0,0,0,0,0,0,0
0X5CQJ23LT8E,Airsound,COMPLETED,PLA,1000.0,TOTAL_BUDGET,0,0,0,0,0,0,0,0
0XHBDHMAUKVA,New backpacks,COMPLETED,PLA,1000.0,TOTAL_BUDGET,0,0,0,0,0,0,0,0
0XOLFEKX,Earphone Cases Rvsd,COMPLETED,PLA,848.0,TOTAL_BUDGET,0,0,0,0,0,0,0,0
0XQD3I5N60F5,G83,ABORTED,PLA,1000.0,TOTAL_BUDGET,0,0,0,0,0,0,0,0
0YGQTNQ01FN0,Canister,COMPLETED,PLA,1000.0,TOTAL_BUDGET,0,0,0,0,0,0,0,0
0YH9F2B6NCWU,Clone of CPC-SLing Bag-20-8-2025,PAUSED,PLA,300.0,DAILY_BUDGET,0,0,0,0,0,0,0,0
0YJ5NDORCC40,bottel flask,COMPLETED,PLA,2000.0,TOTAL_BUDGET,0,0,0,0,0,0,0,0
0YO62GMXUQJK,Duffel Bag,COMPLETED,PLA,1000.0,TOTAL_BUDGET,0,0,0,0,0,0,0,0
109XIKXK7D9F,bottel,COMPLETED,PLA,1000.0,TOTAL_BUDGET,0,0,0,0,0,0,0,0
10ZKJQ7B,HomePuff Table,ABORTED,PLA,848.0,TOTAL_BUDGET,0,0,0,0,0,0,0,0
12X07WBEGKY8,Chopping Board,COMPLETED,PLA,1000.0,TOTAL_BUDGET,0,0,0,0,0,0,0,0
13OLDR858VSW,AY_Gizga_Bags_ROI_O,ABORTED,PLA,17000.0,TOTAL_BUDGET,0,0,0,0,0,0,0,0
15MBA8ICMSSW,Insualted LunchBox,ABORTED,PLA,1000.0,TOTAL_BUDGET,0,0,0,0,0,0,0,0
15W8PT4IF8MM,Sunglasses,COMPLETED,PLA,1000.0,TOTAL_BUDGET,0,0,0,0,0,0,0,0
16R7W8B2WJUG,Laptop Bags,COMPLETED,PLA,2000.0,TOTAL_BUDGET,0,0,0,0,0,0,0,0
16TMEW9PF599,H36 37 lunchbox,BUDGET_MET,PLA,1000.0,TOTAL_BUDGET,0,0,0,0,0,0,0,0
178U24FHURHO,LunchBoxes,COMPLETED,PLA,2000.0,TOTAL_BUDGET,0,0,0,0,0,0,0,0
17FODF42NU2C,Cable Ties,COMPLETED,PLA,1000.0,TOTAL_BUDGET,0,0,0,0,0,0,0,0
18FADI29U40F,New Signature Series,ABORTED,PLA,1000.0,TOTAL_BUDGET,0,0,0,0,0,0,0,0
18N5IF1F22HQ,Insulated LunchBox,ABORTED,PLA,1000.0,TOTAL_BUDGET,0,0,0,0,0,0,0,0
18PH5H2L8YA3,HDD Case,COMPLETED,PLA,1000.0,TOTAL_BUDGET,0,0,0,0,0,0,0,0
18VXEU7Q92LX,Signature Series,COMPLETED,PLA,1000.0,TOTAL_BUDGET,0,0,0,0,0,0,0,0
19FP6IXBV8T3,Stylus Pen-4-02-2025,ABORTED,PLA,6500.0,TOTAL_BUDGET,0,0,0,0,0,0,0,0
19HYE1ZR8BQX,Insulated LunchBox,ABORTED,PLA,1000.0,TOTAL_BUDGET,0,0,0,0,0,0,0,0
1AIYK7PY1XPO,Car Chargers,COMPLETED,PLA,1000.0,TOTAL_BUDGET,0,0,0,0,0,0,0,0
1B6C2DJNU4NE,Bottel & Flask,COMPLETED,PLA,1000.0,TOTAL_BUDGET,0,0,0,0,0,0,0,0
1B8Q8VTHFDHI,Car Charger,COMPLETED,PLA,1000.0,TOTAL_BUDGET,0,0,0,0,0,0,0,0
1BE5BXKPJM4J,Borosilicate LB,ABORTED,PLA,1000.0,TOTAL_BUDGET,0,0,0,0,0,0,0,0
1BE5D7I8,Chargers,COMPLETED,PLA,1695.0,TOTAL_BUDGET,0,0,0,0,0,0,0,0
1CQJVEZV15HX,Laptop Table,COMPLETED,PLA,1000.0,TOTAL_BUDGET,0,0,0,0,0,0,0,0
1D6AKFPSJ3QK,AirSound,COMPLETED,PLA,1000.0,TOTAL_BUDGET,0,0,0,0,0,0,0,0
1D7CYEOW1454,H17 & Borosil,ABORTED,PLA,1000.0,TOTAL_BUDGET,0,0,0,0,0,0,0,0
1DFN8R44DR5V,Chopping Board,ABORTED,PLA,1000.0,TOTAL_BUDGET,0,0,0,0,0,0,0,0
1DO5DF2ZJMUH,Old Laptop Sleeve,COMPLETED,PLA,3000.0,TOTAL_BUDGET,0,0,0,0,0,0,0,0
1DT8O63SA7JT,AY_Gizga_HCase_CPC,ABORTED,PLA,2500.0,TOTAL_BUDGET,0,0,0,0,0,0,0,0
1DWTMIBDVOIC,HDD Case,COMPLETED,PLA,1000.0,TOTAL_BUDGET,0,0,0,0,0,0,0,0
1E5R0BKNPT70,Low Sale Sunglass,BUDGET_MET,PLA,1000.0,TOTAL_BUDGET,0,0,0,0,0,0,0,0
1E5XN9STCFCB,Signature Series,COMPLETED,PLA,1000.0,TOTAL_BUDGET,0,0,0,0,0,0,0,0
1E83N5PKYVVO,Insulated LunchBox,BUDGET_MET,PLA,1000.0,TOTAL_BUDGET,0,0,0,0,0,0,0,0
1EWXIH4KU9XF,AY_Aircase_ROI,ABORTED,PLA,25000.0,TOTAL_BUDGET,0,0,0,0,0,0,0,0
1FGTL70MQF64,canister,BUDGET_MET,PLA,1000.0,TOTAL_BUDGET,0,0,0,0,0,0,0,0
1FSEYBTJUPQQ,Car Holder,COMPLETED,PLA,1000.0,TOTAL_BUDGET,0,0,0,0,0,0,0,0
1GFKAQD9CS3H,Tizum Backpack,COMPLETED,PLA,1000.0,TOTAL_BUDGET,0,0,0,0,0,0,0,0
1I6V3FNF9LKS,Backpack ,COMPLETED,PLA,1000.0,TOTAL_BUDGET,0,0,0,0,0,0,0,0
1JGN77UB,Laptop Sleeve,COMPLETED,PLA,4238.0,TOTAL_BUDGET,0,0,0,0,0,0,0,0
1K9GW11BRFL5,FKSB-ITAcc-Dec-D,ABORTED,PLA,20000.0,TOTAL_BUDGET,0,0,0,0,0,0,0,0
1KQVRC1C0G00,iwatch case,ABORTED,PLA,1000.0,TOTAL_BUDGET,0,0,0,0,0,0,0,0
1KWEGVING9UQ,Food Jar,ABORTED,PLA,1000.0,TOTAL_BUDGET,0,0,0,0,0,0,0,0
1LHGHF712MXT,C72 & C96 sleeves,ABORTED,PLA,1000.0,TOTAL_BUDGET,0,0,0,0,0,0,0,0
1MF15XLYIU1K,Kettle,COMPLETED,PLA,1000.0,TOTAL_BUDGET,0,0,0,0,0,0,0,0
1MYAKZM6DXAW,gizga cable,COMPLETED,PLA,1000.0,TOTAL_BUDGET,0,0,0,0,0,0,0,0
1PNPK93TVMBT,Headphone Pouch,COMPLETED,PLA,1000.0,TOTAL_BUDGET,0,0,0,0,0,0,0,0
1PXEBTA5X5DE,Gizga Cables,COMPLETED,PLA,1000.0,TOTAL_BUDGET,0,0,0,0,0,0,0,0
1Q4AM0U7NFQ1,Laptop Bags,COMPLETED,PLA,2000.0,TOTAL_BUDGET,0,0,0,0,0,0,0,0
1QWHXGWCUBEN,Clone of ROI-Laptop Stand-Fast Moving-17-7-2025,DRAFT,PLA,6600.0,TOTAL_BUDGET,0,0,0,0,0,0,0,0
1R7C5TRS,Laptop Sleeve,COMPLETED,PLA,4238.0,TOTAL_BUDGET,0,0,0,0,0,0,0,0
1RHY689Y,Laptop Stand,COMPLETED,PLA,848.0,TOTAL_BUDGET,0,0,0,0,0,0,0,0
1SZ3AM1R2ZY5,C33 Backpack,COMPLETED,PLA,1000.0,TOTAL_BUDGET,0,0,0,0,0,0,0,0
1T52IDM7VQFF,Food Jar,ABORTED,PLA,1000.0,TOTAL_BUDGET,0,0,0,0,0,0,0,0
1T8TUZC9WAPL,Sunglasses,ABORTED,PLA,1000.0,TOTAL_BUDGET,0,0,0,0,0,0,0,0
1TI6NFRKVJZO,G56 G57,ABORTED,PLA,1000.0,TOTAL_BUDGET,0,0,0,0,0,0,0,0
1TPRZ5WC6ITP,Backpack,COMPLETED,PLA,1000.0,TOTAL_BUDGET,0,0,0,0,0,0,0,0
1U2KWWU0KDOE,Wallets,COMPLETED,PLA,1000.0,TOTAL_BUDGET,0,0,0,0,0,0,0,0
1VKFAVGF2HWA,New backpacks,COMPLETED,PLA,1000.0,TOTAL_BUDGET,0,0,0,0,0,0,0,0
1VYNYTJSZJFI,New backpacks,COMPLETED,PLA,1000.0,TOTAL_BUDGET,0,0,0,0,0,0,0,0
1WJMOBR44Q01,Chopper,COMPLETED,PLA,1000.0,TOTAL_BUDGET,0,0,0,0,0,0,0,0
1WP29QWM,Gizga Cable,COMPLETED,PLA,848.0,TOTAL_BUDGET,0,0,0,0,0,0,0,0
1WQ0FFBS7VOA,Canister Bott,COMPLETED,PLA,2000.0,TOTAL_BUDGET,0,0,0,0,0,0,0,0
1WRVBO1BIYI8,sunglasses,COMPLETED,PLA,2000.0,TOTAL_BUDGET,0,0,0,0,0,0,0,0
1WUNOKG0R7BF,C33 Backpack,COMPLETED,PLA,1000.0,TOTAL_BUDGET,0,0,0,0,0,0,0,0
1WY62QEYCJEX,Backpack,ABORTED,PLA,1000.0,TOTAL_BUDGET,0,0,0,0,0,0,0,0
1XG7XFWI6TCO,New Laptop Sleeve,COMPLETED,PLA,2000.0,TOTAL_BUDGET,0,0,0,0,0,0,0,0
1XID6PAZ2NN9,tom martin,ABORTED,PLA,1000.0,TOTAL_BUDGET,0,0,0,0,0,0,0,0
1XWY93QJHKWB,Bottel & Flask,COMPLETED,PLA,1000.0,TOTAL_BUDGET,0,0,0,0,0,0,0,0
1XX3CSG4OSRI,Signature Series,COMPLETED,PLA,1000.0,TOTAL_BUDGET,0,0,0,0,0,0,0,0
1YR1AW3NVGDI,Gadget Organiser,COMPLETED,PLA,1000.0,TOTAL_BUDGET,0,0,0,0,0,0,0,0
1Z5M2SUQ4UG8,Clone of LTA-CPC-Travel Organiser-Slow Moving-3-9-2025,PAUSED,PLA,300.0,DAILY_BUDGET,0,0,0,0,0,0,0,0
21TXVIG7OFUK,Choppers,COMPLETED,PLA,1000.0,TOTAL_BUDGET,0,0,0,0,0,0,0,0
22K8WZ7VR4WY,ROI-Tablet Stand-Fast Moving-8-10-2025,PAUSED,PLA,1000.0,TOTAL_BUDGET,0,0,0,0,0,0,0,0
22LUIJ6ZP1FX,LunchBoxes,COMPLETED,PLA,2000.0,TOTAL_BUDGET,0,0,0,0,0,0,0,0
22QSFHCPMWF0,H36 37 lunchbox,ABORTED,PLA,1000.0,TOTAL_BUDGET,0,0,0,0,0,0,0,0
22S9E3VQ6NKZ,New Signature Series,ABORTED,PLA,1000.0,TOTAL_BUDGET,0,0,0,0,0,0,0,0
230G4JKJHDQW,Choppng board,COMPLETED,PLA,1000.0,TOTAL_BUDGET,0,0,0,0,0,0,0,0
23EX6ZUXC3DC,LunchBox,COMPLETED,PLA,2000.0,TOTAL_BUDGET,0,0,0,0,0,0,0,0
23MHG2MO,Flasks Thermos,COMPLETED,PLA,848.0,TOTAL_BUDGET,0,0,0,0,0,0,0,0
23NM4TEGUHC6,AY_Aircase_ROI_,ABORTED,PLA,13000.0,TOTAL_BUDGET,0,0,0,0,0,0,0,0
248VE1M32NEN,Insulated LunchBox,COMPLETED,PLA,1000.0,TOTAL_BUDGET,0,0,0,0,0,0,0,0
24984TB6J6BM,AY_HP_LB_CPC,ABORTED,PLA,40000.0,TOTAL_BUDGET,0,0,0,0,0,0,0,0
24DK5QGN65X1,H38 LunchBox,ABORTED,PLA,1000.0,TOTAL_BUDGET,0,0,0,0,0,0,0,0
25NO9IPZXV1E,Earphone Case all,ABORTED,PLA,1000.0,TOTAL_BUDGET,0,0,0,0,0,0,0,0
25PF82CA,Sunglasses,COMPLETED,PLA,2543.0,TOTAL_BUDGET,0,0,0,0,0,0,0,0
26KUJ4PY83VZ,Choppers,ABORTED,PLA,1000.0,TOTAL_BUDGET,0,0,0,0,0,0,0,0
26YZNUA6,Car Holder,COMPLETED,PLA,1695.0,TOTAL_BUDGET,0,0,0,0,0,0,0,0
287Q860IW06G,FKSB-Datacable-Sep-D,BUDGET_MET,PLA,6000.0,TOTAL_BUDGET,0,0,0,0,0,0,0,0
28SLHYBVZ5FC,1700ml LunchBox,COMPLETED,PLA,1000.0,TOTAL_BUDGET,0,0,0,0,0,0,0,0
290B28F3R89F,Backpack,COMPLETED,PLA,1000.0,TOTAL_BUDGET,0,0,0,0,0,0,0,0
2958ZCXQ2D2L,DMAIPLAY,COMPLETED,PLA,1000.0,TOTAL_BUDGET,0,0,0,0,0,0,0,0
296Q3CHCKKKX,H36 37 lunchbox,ABORTED,PLA,1000.0,TOTAL_BUDGET,0,0,0,0,0,0,0,0
29XMMDCXI6F7,CPC-Charger-Slow Moving-2-7-2025,PAUSED,PLA,300.0,DAILY_BUDGET,0,0,0,0,0,0,0,0
2A3029IW,LunchBox,COMPLETED,PLA,848.0,TOTAL_BUDGET,0,0,0,0,0,0,0,0
2ALKHLBYZEM0,Laptop Bag,COMPLETED,PLA,1000.0,TOTAL_BUDGET,0,0,0,0,0,0,0,0
2AU8SPYMMBZX,Chopping Board,COMPLETED,PLA,1000.0,TOTAL_BUDGET,0,0,0,0,0,0,0,0
2B2HT6R7KELC,Sleeve Backpack,COMPLETED,PLA,1000.0,TOTAL_BUDGET,0,0,0,0,0,0,0,0
2CHO7LNRCMQ3,Canister,BUDGET_MET,PLA,1000.0,TOTAL_BUDGET,0,0,0,0,0,0,0,0
2CIYXTSH2WJR,"C32, C34, C56",COMPLETED,PLA,1000.0,TOTAL_BUDGET,0,0,0,0,0,0,0,0
2DWBS746X3WI,Car Chargers,COMPLETED,PLA,1000.0,TOTAL_BUDGET,0,0,0,0,0,0,0,0
2F2L6HR0V65Z,AY_Gizga_Bags_ROI_,ABORTED,PLA,4000.0,TOTAL_BUDGET,0,0,0,0,0,0,0,0
2F568GOCG68T,Sunglasses,COMPLETED,PLA,1000.0,TOTAL_BUDGET,0,0,0,0,0,0,0,0
2F8EKE4HF62K,C51,COMPLETED,PLA,1000.0,TOTAL_BUDGET,0,0,0,0,0,0,0,0
2G7YIYEFIL04,iWatch Strap,ABORTED,PLA,1000.0,TOTAL_BUDGET,0,0,0,0,0,0,0,0
2HCKYDX6I9NM,Sunglasses,ABORTED,PLA,1000.0,TOTAL_BUDGET,0,0,0,0,0,0,0,0
2HDNANMDS3JV,Clone of Aliens Laptop accessories Plug,ABORTED,PLA,2000.0,TOTAL_BUDGET,0,0,0,0,0,0,0,0
2HGSP9GUNF3M,Duffle Bag,ABORTED,PLA,3000.0,TOTAL_BUDGET,0,0,0,0,0,0,0,0
2I782P2U,Flasks Thermos,COMPLETED,PLA,1000.0,TOTAL_BUDGET,0,0,0,0,0,0,0,0
2ITNM5VLWNE7,Keyguard-13-2-2025,ABORTED,PLA,1000.0,TOTAL_BUDGET,0,0,0,0,0,0,0,0
2K7F6CV3FKKM,Laptop Sleeve,COMPLETED,PLA,5000.0,TOTAL_BUDGET,0,0,0,0,0,0,0,0
2KKFJ3SEQ6Z2,Wallets,BUDGET_MET,PLA,1000.0,TOTAL_BUDGET,0,0,0,0,0,0,0,0
2KRAA43RAQZI,Laptop Sleeve,COMPLETED,PLA,3000.0,TOTAL_BUDGET,0,0,0,0,0,0,0,0
2L0U7RND06W6,Duffel Bag,ABORTED,PLA,1000.0,TOTAL_BUDGET,0,0,0,0,0,0,0,0
2LYELLVTC53M,Insulated Lunch Box,ABORTED,PLA,1000.0,TOTAL_BUDGET,0,0,0,0,0,0,0,0
2LYPDNOH8YF2,New Laptop Sleeve,ABORTED,PLA,1000.0,TOTAL_BUDGET,0,0,0,0,0,0,0,0
2MJVFZFZ1Y12,sleeve slow,COMPLETED,PLA,1000.0,TOTAL_BUDGET,0,0,0,0,0,0,0,0
2ML9BWSFFEEJ,Laptop Bags,COMPLETED,PLA,2000.0,TOTAL_BUDGET,0,0,0,0,0,0,0,0
2MXK9D54ZJZ1,Insulated LunchBox,ABORTED,PLA,1000.0,TOTAL_BUDGET,0,0,0,0,0,0,0,0
2N6LO9R4L42P,Mobile Cables,COMPLETED,PLA,2000.0,TOTAL_BUDGET,0,0,0,0,0,0,0,0
2N8Q26ZV36LP,Backpack,COMPLETED,PLA,1000.0,TOTAL_BUDGET,0,0,0,0,0,0,0,0
2O1EVTYY,Bluetooth Earphone,ABORTED,PLA,1695.0,TOTAL_BUDGET,0,0,0,0,0,0,0,0
2O32U2DBWPFT,Canister,ABORTED,PLA,1000.0,TOTAL_BUDGET,0,0,0,0,0,0,0,0
2OARMDS224L3,Signature Series,ABORTED,PLA,1000.0,TOTAL_BUDGET,0,0,0,0,0,0,0,0
2Q2D76RYYVFP,Insulated LunchBox,ABORTED,PLA,3000.0,TOTAL_BUDGET,0,0,0,0,0,0,0,0
2Q5Y5PO7CWKZ,Canister Bott,ABORTED,PLA,1000.0,TOTAL_BUDGET,0,0,0,0,0,0,0,0
2QG72L80PJ2P,Vanity Box,COMPLETED,PLA,,TOTAL_BUDGET,0,0,0,0,0,0,0,0
2QR8U5UT,Flasks,COMPLETED,PLA,848.0,TOTAL_BUDGET,0,0,0,0,0,0,0,0
2RKAI546,New AirCase Sleeve,ABORTED,PLA,2543.0,TOTAL_BUDGET,0,0,0,0,0,0,0,0
2RLS0QJ3XDI3,Insulated LunchBox,ABORTED,PLA,1000.0,TOTAL_BUDGET,0,0,0,0,0,0,0,0
2S520M46AQG1,New backpacks,COMPLETED,PLA,1000.0,TOTAL_BUDGET,0,0,0,0,0,0,0,0
2T2AQQZDH3FT,gizga cable,COMPLETED,PLA,1000.0,TOTAL_BUDGET,0,0,0,0,0,0,0,0
2T70JF2HPK9P,Mousepads,ABORTED,PLA,1000.0,TOTAL_BUDGET,0,0,0,0,0,0,0,0
2TJFICWGG3R9,TZ-CS-103,COMPLETED,PLA,1000.0,TOTAL_BUDGET,0,0,0,0,0,0,0,0
2TKAB77U5M4U,HDD Case,COMPLETED,PLA,1000.0,TOTAL_BUDGET,0,0,0,0,0,0,0,0
2U5K4YC9GAL9,Chopper,COMPLETED,PLA,1000.0,TOTAL_BUDGET,0,0,0,0,0,0,0,0
2U63QYSNDV90,Laptop Sleeve,COMPLETED,PLA,1000.0,TOTAL_BUDGET,0,0,0,0,0,0,0,0
2UUTPUF5IKHY,Sunglasses,COMPLETED,PLA,1000.0,TOTAL_BUDGET,0,0,0,0,0,0,0,0
2UVDCKMZH7ZW,Gadget Organizer,COMPLETED,PLA,1000.0,TOTAL_BUDGET,0,0,0,0,0,0,0,0
2UYYKM3DSQCG,AirSound,COMPLETED,PLA,1000.0,TOTAL_BUDGET,0,0,0,0,0,0,0,0
2VH9YI29,USB Cable,COMPLETED,PLA,4238.0,TOTAL_BUDGET,0,0,0,0,0,0,0,0
2X015GCBVQTA,New BackPack,ABORTED,PLA,1000.0,TOTAL_BUDGET,0,0,0,0,0,0,0,0
2XLFBT1PZCZB,Laptop Bags,COMPLETED,PLA,2000.0,TOTAL_BUDGET,0,0,0,0,0,0,0,0
2XV29ET8WUMX,Data Cable-30-12-2024,ABORTED,PLA,3000.0,TOTAL_BUDGET,0,0,0,0,0,0,0,0
2XZ3J05DEO3P,New Signature Series,ABORTED,PLA,2000.0,TOTAL_BUDGET,0,0,0,0,0,0,0,0
2YFMH513,Micro USB Cable,COMPLETED,PLA,4238.0,TOTAL_BUDGET,0,0,0,0,0,0,0,0
2ZDQS8LWPVYP,gizga cable,COMPLETED,PLA,1000.0,TOTAL_BUDGET,0,0,0,0,0,0,0,0
2ZL0Z31J,Earphone Case Grey,COMPLETED,PLA,848.0,TOTAL_BUDGET,0,0,0,0,0,0,0,0
2ZOMF63IZDBR,Low Sale Sunglass,BUDGET_MET,PLA,1000.0,TOTAL_BUDGET,0,0,0,0,0,0,0,0
30SXDQ63XUS1,New Laptop Bag,COMPLETED,PLA,1000.0,TOTAL_BUDGET,0,0,0,0,0,0,0,0
31EACDF5TPI0,Chopping Board,ABORTED,PLA,1000.0,TOTAL_BUDGET,0,0,0,0,0,0,0,0
32J6SUBOLFRM,New backpacks,COMPLETED,PLA,1000.0,TOTAL_BUDGET,0,0,0,0,0,0,0,0
33VXZQHG1OXM,Wallets,COMPLETED,PLA,2000.0,TOTAL_BUDGET,0,0,0,0,0,0,0,0
33ZUU3XCWF4X,11 in 1,ABORTED,PLA,,TOTAL_BUDGET,0,0,0,0,0,0,0,0
34JYXPER4RLV,LunchBox,COMPLETED,PLA,1000.0,TOTAL_BUDGET,0,0,0,0,0,0,0,0
36DUS0WNNLAQ,Wallets,COMPLETED,PLA,1000.0,TOTAL_BUDGET,0,0,0,0,0,0,0,0
36J1O6PML7U7,Backpack,COMPLETED,PLA,2000.0,TOTAL_BUDGET,0,0,0,0,0,0,0,0
374MGET3DE0P,Headphone case,COMPLETED,PLA,1000.0,TOTAL_BUDGET,0,0,0,0,0,0,0,0
38AWFCUVWMV4,Cable Ties,COMPLETED,PLA,1000.0,TOTAL_BUDGET,0,0,0,0,0,0,0,0
38R1KZ3N90JR,Canister,COMPLETED,PLA,1000.0,TOTAL_BUDGET,0,0,0,0,0,0,0,0
38TNTN26,Laptop Stand,COMPLETED,PLA,848.0,TOTAL_BUDGET,0,0,0,0,0,0,0,0
3APEVBH4YFR0,AirSound,COMPLETED,PLA,1000.0,TOTAL_BUDGET,0,0,0,0,0,0,0,0
3B4EJ8DVKTSG,Insulated LunchBox,COMPLETED,PLA,1000.0,TOTAL_BUDGET,0,0,0,0,0,0,0,0
3BHTWW9O1PKU,Kettle,COMPLETED,PLA,1000.0,TOTAL_BUDGET,0,0,0,0,0,0,0,0
3BI2Z5MV3ULR,Sunglasses,COMPLETED,PLA,1000.0,TOTAL_BUDGET,0,0,0,0,0,0,0,0
3C6B1NROSJBQ,Chopper,ABORTED,PLA,1000.0,TOTAL_BUDGET,0,0,0,0,0,0,0,0
3CG249F7NAMJ,Chopping Board,COMPLETED,PLA,1000.0,TOTAL_BUDGET,0,0,0,0,0,0,0,0
3CGWD1ICAX5H,Laptop Sleeve,ABORTED,PLA,,TOTAL_BUDGET,0,0,0,0,0,0,0,0
3COT5ORDVGAS,Kids LunchBox,ABORTED,PLA,1000.0,TOTAL_BUDGET,0,0,0,0,0,0,0,0
3DHUDR4V387P,Chopper,BUDGET_MET,PLA,1000.0,TOTAL_BUDGET,0,0,0,0,0,0,0,0
3EHKVJLO,Flasks,COMPLETED,PLA,848.0,TOTAL_BUDGET,0,0,0,0,0,0,0,0
3EQ0K8LB,Car Holder,COMPLETED,PLA,1695.0,TOTAL_BUDGET,0,0,0,0,0,0,0,0
3EZBDDWESVFG,Wallets,COMPLETED,PLA,1000.0,TOTAL_BUDGET,0,0,0,0,0,0,0,0
3F69FBMHJAFG,Kids LunchBox,ABORTED,PLA,1000.0,TOTAL_BUDGET,0,0,0,0,0,0,0,0
3G39NAK2ZS59,Insulated LunchBox,BUDGET_MET,PLA,1000.0,TOTAL_BUDGET,0,0,0,0,0,0,0,0
3G4H3NCLS0KI,Insulated LunchBox,COMPLETED,PLA,1000.0,TOTAL_BUDGET,0,0,0,0,0,0,0,0
3GZVKSMBCY5X,Chopper,ABORTED,PLA,1000.0,TOTAL_BUDGET,0,0,0,0,0,0,0,0
3H1YGEMYMDSR,HDMI Cable,ABORTED,PLA,1000.0,TOTAL_BUDGET,0,0,0,0,0,0,0,0
3HOK6NQBCWDJ,Choppers,COMPLETED,PLA,3000.0,TOTAL_BUDGET,0,0,0,0,0,0,0,0
3HW1HWWOU5U6,Mousepad,ABORTED,PLA,1000.0,TOTAL_BUDGET,0,0,0,0,0,0,0,0
3JOWRSY2CLRI,Chopping Board,BUDGET_MET,PLA,1000.0,TOTAL_BUDGET,0,0,0,0,0,0,0,0
3KZ6XJ8MO4P0,Car Charger,COMPLETED,PLA,1000.0,TOTAL_BUDGET,0,0,0,0,0,0,0,0
3LPZPKSR,905 Lightning Cable,ABORTED,PLA,848.0,TOTAL_BUDGET,0,0,0,0,0,0,0,0
3M1HS3THKU00,Headphone case,COMPLETED,PLA,1000.0,TOTAL_BUDGET,0,0,0,0,0,0,0,0
3M84EXKW,HDD CASE,COMPLETED,PLA,1695.0,TOTAL_BUDGET,0,0,0,0,0,0,0,0
3MF69HD9ZNJE,AY_Gizga_Camkit_ROI,ABORTED,PLA,2000.0,TOTAL_BUDGET,0,0,0,0,0,0,0,0
3MNORB23BQUR,Laptop Bags,COMPLETED,PLA,2000.0,TOTAL_BUDGET,0,0,0,0,0,0,0,0
3MO5BTE10WF9,FKSB-ITAcc-BDS2-D,ABORTED,PLA,7500.0,TOTAL_BUDGET,0,0,0,0,0,0,0,0
3N665BXSK7EL,Wallets,COMPLETED,PLA,1000.0,TOTAL_BUDGET,0,0,0,0,0,0,0,0
3NJJOB87NF2K,New backpacks,COMPLETED,PLA,1000.0,TOTAL_BUDGET,0,0,0,0,0,0,0,0
3OGXOD0GXZJ2,Airsound,COMPLETED,PLA,1000.0,TOTAL_BUDGET,0,0,0,0,0,0,0,0
3OXXKNU2,Lunch Box 1700ml,COMPLETED,PLA,848.0,TOTAL_BUDGET,0,0,0,0,0,0,0,0
3P0D4IYCAUQR,Kettle,COMPLETED,PLA,1000.0,TOTAL_BUDGET,0,0,0,0,0,0,0,0
3PVUO0XYB62X,gizga cable,COMPLETED,PLA,1000.0,TOTAL_BUDGET,0,0,0,0,0,0,0,0
3QVN8EPLQ7RJ,BackPack,COMPLETED,PLA,1000.0,TOTAL_BUDGET,0,0,0,0,0,0,0,0
3RJBOSVEJUYF,Backpack,COMPLETED,PLA,1000.0,TOTAL_BUDGET,0,0,0,0,0,0,0,0
3RSSYL9WPIUB,New Laptop Sleeve,COMPLETED,PLA,1000.0,TOTAL_BUDGET,0,0,0,0,0,0,0,0
3SKW13HSQS5O,Chopper,ABORTED,PLA,1000.0,TOTAL_BUDGET,0,0,0,0,0,0,0,0
3TCRUTU7HHAE,Laptop Bag,COMPLETED,PLA,1000.0,TOTAL_BUDGET,0,0,0,0,0,0,0,0
3TGRAKNUGOW5,Insulated LunchBox,COMPLETED,PLA,1000.0,TOTAL_BUDGET,0,0,0,0,0,0,0,0
3TPQXVKFNE18,Choppers,COMPLETED,PLA,2000.0,TOTAL_BUDGET,0,0,0,0,0,0,0,0
3UJJ4ED394X2,BackPack,COMPLETED,PLA,1000.0,TOTAL_BUDGET,0,0,0,0,0,0,0,0
3UZP1N1ZIWRC,Clone of CPC-HN-Storage cabinet XL-11-12-2025,PAUSED,PLA,300.0,DAILY_BUDGET,0,0,0,0,0,0,0,0
3V97LBR924S7,laptop Sleeve,COMPLETED,PLA,2000.0,TOTAL_BUDGET,0,0,0,0,0,0,0,0
3VANRE1AS19P,Clone of Data Cable,ABORTED,PLA,2000.0,TOTAL_BUDGET,0,0,0,0,0,0,0,0
3WBE1HDEW8KI,Aliens Laptop accessories Plug-20-1-2025,ABORTED,PLA,5000.0,TOTAL_BUDGET,0,0,0,0,0,0,0,0
3WFXMCJBTL2V,Bottel & Flask,COMPLETED,PLA,1000.0,TOTAL_BUDGET,0,0,0,0,0,0,0,0
3WZSCDZ5M3L6,Tizum 100wt cab,ABORTED,PLA,1000.0,TOTAL_BUDGET,0,0,0,0,0,0,0,0
3XE677HYWTG7,New backpacks,COMPLETED,PLA,1000.0,TOTAL_BUDGET,0,0,0,0,0,0,0,0
3XNPZQDR16PJ,Headphone Case,COMPLETED,PLA,1000.0,TOTAL_BUDGET,0,0,0,0,0,0,0,0
3Y07S67KO5ZO,Exp Airpod Cases,ABORTED,PLA,1000.0,TOTAL_BUDGET,0,0,0,0,0,0,0,0
3Y5JC9HB1MY6,Chopper,ABORTED,PLA,1000.0,TOTAL_BUDGET,0,0,0,0,0,0,0,0
3Y93WC76746J,AX-905,COMPLETED,PLA,1000.0,TOTAL_BUDGET,0,0,0,0,0,0,0,0
3YRED3OQ05Z8,"C32, C35, C56",COMPLETED,PLA,1000.0,TOTAL_BUDGET,0,0,0,0,0,0,0,0
3YXH4FM6HEF8,DeskPads CPC,ABORTED,PLA,10000.0,TOTAL_BUDGET,0,0,0,0,0,0,0,0
3Z46PGDJF6JA,Tizum Backpack,COMPLETED,PLA,1000.0,TOTAL_BUDGET,0,0,0,0,0,0,0,0
403TYN9Q0E0G,Old Laptop Sleeve,COMPLETED,PLA,3000.0,TOTAL_BUDGET,0,0,0,0,0,0,0,0
409WH8TO,Laptop sleeves,COMPLETED,PLA,848.0,TOTAL_BUDGET,0,0,0,0,0,0,0,0
40EM00FA6PCU,Clone of CPC-Extended Mousepad-Low CVR-8-10-2025,PAUSED,PLA,30000.0,TOTAL_BUDGET,0,0,0,0,0,0,0,0
410UXPON95D4,H36 37 lunchbox,ABORTED,PLA,1000.0,TOTAL_BUDGET,0,0,0,0,0,0,0,0
41IGL827DTNB,Mobile stand,ABORTED,PLA,1000.0,TOTAL_BUDGET,0,0,0,0,0,0,0,0
41XPFF8IGDI2,Laptop Stand Table,COMPLETED,PLA,1000.0,TOTAL_BUDGET,0,0,0,0,0,0,0,0
4278C19HHHR7,Laptop Sleeve,COMPLETED,PLA,4000.0,TOTAL_BUDGET,0,0,0,0,0,0,0,0
42FHCH1OPNY8,Chopper,ABORTED,PLA,1000.0,TOTAL_BUDGET,0,0,0,0,0,0,0,0
42H5S12KMW7G,New Laptop Sleeve,ABORTED,PLA,1000.0,TOTAL_BUDGET,0,0,0,0,0,0,0,0
42LBQGZNKZ19,Gan Charger-19-12-2024,ABORTED,PLA,1500.0,TOTAL_BUDGET,0,0,0,0,0,0,0,0
44JR2ULEVXNE,HDD Case,COMPLETED,PLA,1000.0,TOTAL_BUDGET,0,0,0,0,0,0,0,0
458F9FAG93XK,Chopping Board,COMPLETED,PLA,1000.0,TOTAL_BUDGET,0,0,0,0,0,0,0,0
45JSJA5G4N7P,C11 & C12 Sleeve,COMPLETED,PLA,1000.0,TOTAL_BUDGET,0,0,0,0,0,0,0,0
475TBMYSUVK4,CPC-Storage Box-Low CVR-8-10-2025,PAUSED,PLA,300.0,DAILY_BUDGET,0,0,0,0,0,0,0,0
47AAK6G1PUCS,Sunglasses,COMPLETED,PLA,2000.0,TOTAL_BUDGET,0,0,0,0,0,0,0,0
47QG9KYJ5G6C,Insulated LunchBox,BUDGET_MET,PLA,1000.0,TOTAL_BUDGET,0,0,0,0,0,0,0,0
48CN7FS5,Laptop Sleeve,ABORTED,PLA,1695.0,TOTAL_BUDGET,0,0,0,0,0,0,0,0
490MZIWK,Salad Spinner,COMPLETED,PLA,848.0,TOTAL_BUDGET,0,0,0,0,0,0,0,0
4ACADKCB0F5G,Insulated LunchBox,COMPLETED,PLA,1000.0,TOTAL_BUDGET,0,0,0,0,0,0,0,0
4AEILTDKJNTE,Insulated LunchBox,ABORTED,PLA,1000.0,TOTAL_BUDGET,0,0,0,0,0,0,0,0
4B9BA6GM,Wenge Table,COMPLETED,PLA,848.0,TOTAL_BUDGET,0,0,0,0,0,0,0,0
4BA2IHSPN2OS,New Lightning Cable,COMPLETED,PLA,1000.0,TOTAL_BUDGET,0,0,0,0,0,0,0,0
4BYEBUX0BUEV,Airsound,ABORTED,PLA,1000.0,TOTAL_BUDGET,0,0,0,0,0,0,0,0
4BZ92FLJDRI0,Gadget Organizer,COMPLETED,PLA,1000.0,TOTAL_BUDGET,0,0,0,0,0,0,0,0
4CD5J7GH7OPH,Airsound,ABORTED,PLA,1000.0,TOTAL_BUDGET,0,0,0,0,0,0,0,0
4CLJC9RO6FN6,Mobile Cables,COMPLETED,PLA,2000.0,TOTAL_BUDGET,0,0,0,0,0,0,0,0
4DA62MROSS6S,Insulated LunchBox,ABORTED,PLA,1000.0,TOTAL_BUDGET,0,0,0,0,0,0,0,0
4ELOCADLZU01,Lunch Box 1700 ML,COMPLETED,PLA,1000.0,TOTAL_BUDGET,0,0,0,0,0,0,0,0
4GB4W1VLT0TF,1700ml LunchBox,COMPLETED,PLA,1000.0,TOTAL_BUDGET,0,0,0,0,0,0,0,0
4GUZ0GWUB76V,Airsound,COMPLETED,PLA,1000.0,TOTAL_BUDGET,0,0,0,0,0,0,0,0
4HNSI2KQI2BO,HeadPhone Case,BUDGET_MET,PLA,1000.0,TOTAL_BUDGET,0,0,0,0,0,0,0,0
4KCVXODFD8JL,lunchbox 1700ml,COMPLETED,PLA,1000.0,TOTAL_BUDGET,0,0,0,0,0,0,0,0
4LDM16GRSARA,AirCase Sleeve,BUDGET_MET,PLA,1000.0,TOTAL_BUDGET,0,0,0,0,0,0,0,0
4LLWXI9D8U3Y,Airsound,COMPLETED,PLA,1000.0,TOTAL_BUDGET,0,0,0,0,0,0,0,0
4M2VCNR5VJBL,Canister n food jar,COMPLETED,PLA,2000.0,TOTAL_BUDGET,0,0,0,0,0,0,0,0
4M9RAEJRSQWS,HDD Cases,COMPLETED,PLA,3000.0,TOTAL_BUDGET,0,0,0,0,0,0,0,0
4MFR9SBO0CCZ,AirSound,COMPLETED,PLA,1000.0,TOTAL_BUDGET,0,0,0,0,0,0,0,0
4MFWPMIWO5IJ,Kitchen tools,COMPLETED,PLA,1000.0,TOTAL_BUDGET,0,0,0,0,0,0,0,0
4NVZZPX8HXOJ,Car Chargers,COMPLETED,PLA,1000.0,TOTAL_BUDGET,0,0,0,0,0,0,0,0
4NW3QXC786VD,Insulated LunchBox,ABORTED,PLA,1000.0,TOTAL_BUDGET,0,0,0,0,0,0,0,0
4O4M0MAI4EWE,CPC-Macbook Keyguard-24-9-2025,PAUSED,PLA,300.0,DAILY_BUDGET,0,0,0,0,0,0,0,0
4O6ZSW7ZZE91,Sunglasses,ABORTED,PLA,1000.0,TOTAL_BUDGET,0,0,0,0,0,0,0,0
4O862DJSB43J,AirCase New Sleeve,BUDGET_MET,PLA,1000.0,TOTAL_BUDGET,0,0,0,0,0,0,0,0
4OHU1V8D8J37,1700ml LunchBox,COMPLETED,PLA,1000.0,TOTAL_BUDGET,0,0,0,0,0,0,0,0
4OVONAP8,Sleeve Low Sale,COMPLETED,PLA,1695.0,TOTAL_BUDGET,0,0,0,0,0,0,0,0
4OXSWT611Y1O,Insulated LunchBox,ABORTED,PLA,1000.0,TOTAL_BUDGET,0,0,0,0,0,0,0,0
4PDCN3C9J5ZQ,Insulated LunchBox,COMPLETED,PLA,1000.0,TOTAL_BUDGET,0,0,0,0,0,0,0,0
4Q8L647N6LV3,New Laptop Bag,COMPLETED,PLA,1000.0,TOTAL_BUDGET,0,0,0,0,0,0,0,0
4R2FMWB416KE,DM Aiplay SSD,ABORTED,PLA,1000.0,TOTAL_BUDGET,0,0,0,0,0,0,0,0
4SOJ7V52,iPhone Cases,COMPLETED,PLA,848.0,TOTAL_BUDGET,0,0,0,0,0,0,0,0
4T10TUPEN0Q5,Canister,ABORTED,PLA,1000.0,TOTAL_BUDGET,0,0,0,0,0,0,0,0
4UG1MTZXA3ZS,LTA Ads,COMPLETED,PLA,1000.0,TOTAL_BUDGET,0,0,0,0,0,0,0,0
4UK7YWAPCPX1,H36 lunchbox,COMPLETED,PLA,1000.0,TOTAL_BUDGET,0,0,0,0,0,0,0,0
4UUFMP2X,Micro USB Cable,COMPLETED,PLA,4285.0,TOTAL_BUDGET,0,0,0,0,0,0,0,0
4X5HM74ZWAZX,Writing Pad,ABORTED,PLA,1000.0,TOTAL_BUDGET,0,0,0,0,0,0,0,0
4XL7O0Y2TPWG,New backpacks,COMPLETED,PLA,1000.0,TOTAL_BUDGET,0,0,0,0,0,0,0,0
4YGW3C8OYC67,LTA-CPC-Travel Organiser-Slow Moving-3-9-2025,PAUSED,PLA,300.0,DAILY_BUDGET,0,0,0,0,0,0,0,0
4YHR835ERR58,V7 Charger,ABORTED,PLA,1000.0,TOTAL_BUDGET,0,0,0,0,0,0,0,0
4Z8UQFHI,Laptop Table LD01 ng,COMPLETED,PLA,848.0,TOTAL_BUDGET,0,0,0,0,0,0,0,0
4ZHXZ8IM5LCB,Laptop Bag,COMPLETED,PLA,1000.0,TOTAL_BUDGET,0,0,0,0,0,0,0,0
4ZO0HVZE1V02,GE-GU10,ABORTED,PLA,1000.0,TOTAL_BUDGET,0,0,0,0,0,0,0,0
5042BPB1N22Z,Backpack,COMPLETED,PLA,1000.0,TOTAL_BUDGET,0,0,0,0,0,0,0,0
50EL6GMYV86F,MB-Adapter,ABORTED,PLA,1000.0,TOTAL_BUDGET,0,0,0,0,0,0,0,0
510JH3S3WEI1,1700ml LunchBox,COMPLETED,PLA,1000.0,TOTAL_BUDGET,0,0,0,0,0,0,0,0
51MFJSKQK276,H36 37 lunchbox,ABORTED,PLA,1000.0,TOTAL_BUDGET,0,0,0,0,0,0,0,0
51UU37SPXKFD,Wallets,COMPLETED,PLA,1000.0,TOTAL_BUDGET,0,0,0,0,0,0,0,0
529SHWVNMB5W,Travel Organizer,COMPLETED,PLA,1000.0,TOTAL_BUDGET,0,0,0,0,0,0,0,0
52KH2ZLX,BlueTooth Headset,ABORTED,PLA,848.0,TOTAL_BUDGET,0,0,0,0,0,0,0,0
52T6GMEST1BC,Insulated LunchBox,COMPLETED,PLA,1000.0,TOTAL_BUDGET,0,0,0,0,0,0,0,0
52W7RE664F5R,Glass lunchbox,COMPLETED,PLA,1000.0,TOTAL_BUDGET,0,0,0,0,0,0,0,0
53DXLZWJ,Tizum AUX Cable,COMPLETED,PLA,848.0,TOTAL_BUDGET,0,0,0,0,0,0,0,0
53GK7N3WKNZP,Signature Series,COMPLETED,PLA,1000.0,TOTAL_BUDGET,0,0,0,0,0,0,0,0
53YTQH8N2PWT,AirSound,COMPLETED,PLA,1000.0,TOTAL_BUDGET,0,0,0,0,0,0,0,0
5511AUEBXL49,AY_Gizga_Bags_ROI,ABORTED,PLA,6000.0,TOTAL_BUDGET,0,0,0,0,0,0,0,0
5546VGOEMQIL,Duffel Bags,COMPLETED,PLA,1000.0,TOTAL_BUDGET,0,0,0,0,0,0,0,0
55GADOILIMOH,Hard Drive Case,BUDGET_MET,PLA,1000.0,TOTAL_BUDGET,0,0,0,0,0,0,0,0
55J10XB5,Laptop Sleeve,COMPLETED,PLA,1695.0,TOTAL_BUDGET,0,0,0,0,0,0,0,0
563UHO3H75XI,Insulated LunchBox,COMPLETED,PLA,1000.0,TOTAL_BUDGET,0,0,0,0,0,0,0,0
56G26KSHZJLT,Laptop Sleeve,COMPLETED,PLA,5000.0,TOTAL_BUDGET,0,0,0,0,0,0,0,0
56ICR132911N,Tizum Backpack,COMPLETED,PLA,1000.0,TOTAL_BUDGET,0,0,0,0,0,0,0,0
56J05IMPZDV4,Insulated LunchBox,COMPLETED,PLA,1000.0,TOTAL_BUDGET,0,0,0,0,0,0,0,0
56KF9ZDLZWEI,LunchBoxes,COMPLETED,PLA,1000.0,TOTAL_BUDGET,0,0,0,0,0,0,0,0
56KV50696K4T,Old Laptop Sleeve,COMPLETED,PLA,1000.0,TOTAL_BUDGET,0,0,0,0,0,0,0,0
56N0P65AEM7O,Backpack,COMPLETED,PLA,2000.0,TOTAL_BUDGET,0,0,0,0,0,0,0,0
56X1HZ4SO3KY,Insulated LunchBox,COMPLETED,PLA,1000.0,TOTAL_BUDGET,0,0,0,0,0,0,0,0
579TO25WYXS0,"C32, C35, C56",COMPLETED,PLA,1000.0,TOTAL_BUDGET,0,0,0,0,0,0,0,0
57B7IEZQCJ6J,Insulated LunchBox,COMPLETED,PLA,1000.0,TOTAL_BUDGET,0,0,0,0,0,0,0,0
57UE18NT6SI6,Old Laptop Sleeve,COMPLETED,PLA,1000.0,TOTAL_BUDGET,0,0,0,0,0,0,0,0
57WQEM8XRS0I,Chopper,COMPLETED,PLA,2000.0,TOTAL_BUDGET,0,0,0,0,0,0,0,0
57ZA5GHPPHHC,Cables,COMPLETED,PLA,1000.0,TOTAL_BUDGET,0,0,0,0,0,0,0,0
58I9IK1WXVX5,Insulated LunchBox,COMPLETED,PLA,1000.0,TOTAL_BUDGET,0,0,0,0,0,0,0,0
595YY8QKE5DU,Laptop Sleeve,COMPLETED,PLA,5000.0,TOTAL_BUDGET,0,0,0,0,0,0,0,0
596U5A52620R,Gizga & Tizum Sleeve,BUDGET_MET,PLA,1000.0,TOTAL_BUDGET,0,0,0,0,0,0,0,0
59HEWEA57N60,Borosilicate LB,BUDGET_MET,PLA,1000.0,TOTAL_BUDGET,0,0,0,0,0,0,0,0
59UNJSTC4ZPN,Insulated LunchBox,COMPLETED,PLA,1000.0,TOTAL_BUDGET,0,0,0,0,0,0,0,0
5A3ATFCJPUWR,AY_Gizga_Holder_CPC,ABORTED,PLA,42000.0,TOTAL_BUDGET,0,0,0,0,0,0,0,0
5AI8XIYXHAX7,Flask,COMPLETED,PLA,1000.0,TOTAL_BUDGET,0,0,0,0,0,0,0,0
5B6UZ43CHANX,med & big chopper,COMPLETED,PLA,1000.0,TOTAL_BUDGET,0,0,0,0,0,0,0,0
5BCJCYPE5IEV,New backpacks,COMPLETED,PLA,1000.0,TOTAL_BUDGET,0,0,0,0,0,0,0,0
5CA23NHP,Gizga HDD Cases,ABORTED,PLA,848.0,TOTAL_BUDGET,0,0,0,0,0,0,0,0
5DHP4SWG393M,DM Aiplay SSD,ABORTED,PLA,1000.0,TOTAL_BUDGET,0,0,0,0,0,0,0,0
5DQDPQJD,GE  Table NG,COMPLETED,PLA,848.0,TOTAL_BUDGET,0,0,0,0,0,0,0,0
5E36SD1U2GGL,H36 37 lunchbox,COMPLETED,PLA,1000.0,TOTAL_BUDGET,0,0,0,0,0,0,0,0
5FAL8O78,Aircase Sleeve,COMPLETED,PLA,8475.0,TOTAL_BUDGET,0,0,0,0,0,0,0,0
5FVR5WTGMGNQ,Airpad,ABORTED,PLA,1000.0,TOTAL_BUDGET,0,0,0,0,0,0,0,0
5GK7NAT8N9IN,iPhone Cases,COMPLETED,PLA,1000.0,TOTAL_BUDGET,0,0,0,0,0,0,0,0
5HKMUVH2G0KV,AirSound,COMPLETED,PLA,1000.0,TOTAL_BUDGET,0,0,0,0,0,0,0,0
5HSG30UJS5NH,Laptop Sleeve,COMPLETED,PLA,5000.0,TOTAL_BUDGET,0,0,0,0,0,0,0,0
5IJZMQSBO5D0,Canister n food jar,COMPLETED,PLA,1000.0,TOTAL_BUDGET,0,0,0,0,0,0,0,0
5ISH6DOPCJMR,AY_Tizum_ROI_April,ABORTED,PLA,2000.0,DAILY_BUDGET,0,0,0,0,0,0,0,0
5IUU272DE0AW,Insulated LunchBox,ABORTED,PLA,1000.0,TOTAL_BUDGET,0,0,0,0,0,0,0,0
5IWD1UI4W2XL,1700ml gry,COMPLETED,PLA,1000.0,TOTAL_BUDGET,0,0,0,0,0,0,0,0
5IYXCMLRKJTK,gizga cable,COMPLETED,PLA,1000.0,TOTAL_BUDGET,0,0,0,0,0,0,0,0
5JU8RAC3YJEK,Low Selling Sleeve,ABORTED,PLA,1000.0,TOTAL_BUDGET,0,0,0,0,0,0,0,0
5JXNKR0UBZ84,Laptop Sleeve,COMPLETED,PLA,1000.0,TOTAL_BUDGET,0,0,0,0,0,0,0,0
5KKAZVWBMRRR,G18 & 20,COMPLETED,PLA,1000.0,TOTAL_BUDGET,0,0,0,0,0,0,0,0
5KPRDX57UUT7,Iphone 7 & 8,COMPLETED,PLA,1000.0,TOTAL_BUDGET,0,0,0,0,0,0,0,0
5LRHVC0EK2NS,Laptop Slleve All,COMPLETED,PLA,3000.0,TOTAL_BUDGET,0,0,0,0,0,0,0,0
5MFNT777,Earphone Case,ABORTED,PLA,848.0,TOTAL_BUDGET,0,0,0,0,0,0,0,0
5MGLIE6O,AUX Cable TIZUM,COMPLETED,PLA,848.0,TOTAL_BUDGET,0,0,0,0,0,0,0,0
5MKHMSWBB7SA,905,COMPLETED,PLA,1000.0,TOTAL_BUDGET,0,0,0,0,0,0,0,0
5O3MYJA1NF5E,Duffel Bag,ABORTED,PLA,1000.0,TOTAL_BUDGET,0,0,0,0,0,0,0,0
5OFSJOV2,HDMI CAMPAIGN,COMPLETED,PLA,1707.0,TOTAL_BUDGET,0,0,0,0,0,0,0,0
5OTO9J5ZHM6D,Airsound,COMPLETED,PLA,1000.0,TOTAL_BUDGET,0,0,0,0,0,0,0,0
5P49YQ0FTP39,Choppers,COMPLETED,PLA,1000.0,TOTAL_BUDGET,0,0,0,0,0,0,0,0
5QDKSKVO,iPhone Cases,COMPLETED,PLA,848.0,TOTAL_BUDGET,0,0,0,0,0,0,0,0
5RYSSF84H52Z,Canister n food jar,COMPLETED,PLA,1000.0,TOTAL_BUDGET,0,0,0,0,0,0,0,0
5SE0ZUWQWKL4,Old Laptop Bag,COMPLETED,PLA,1000.0,TOTAL_BUDGET,0,0,0,0,0,0,0,0
5SHP918KBGZ6,HTC Charger,COMPLETED,PLA,1000.0,TOTAL_BUDGET,0,0,0,0,0,0,0,0
5UACFF57H0V6,Insulated LunchBox,COMPLETED,PLA,1000.0,TOTAL_BUDGET,0,0,0,0,0,0,0,0
5UJDDPZY0WOU,Clone of CPC-Hardshell Backpack-19-11-2025,PAUSED,PLA,300.0,DAILY_BUDGET,0,0,0,0,0,0,0,0
5V0CMELUZ2B6,Cable Ties,BUDGET_MET,PLA,1000.0,TOTAL_BUDGET,0,0,0,0,0,0,0,0
5VG7WPUP5HHS,GE Color Sleeves,ABORTED,PLA,1000.0,TOTAL_BUDGET,0,0,0,0,0,0,0,0
5WLDTD6220RA,Duffel Bags,COMPLETED,PLA,1000.0,TOTAL_BUDGET,0,0,0,0,0,0,0,0
5X0H4DPPYMSE,HDD Case,COMPLETED,PLA,1000.0,TOTAL_BUDGET,0,0,0,0,0,0,0,0
5X55BXPJ,Car Charger,COMPLETED,PLA,848.0,TOTAL_BUDGET,0,0,0,0,0,0,0,0
5XXDHF1O7ZR0,Canister,COMPLETED,PLA,1000.0,TOTAL_BUDGET,0,0,0,0,0,0,0,0
5YL6PZKCDY85,Flaskss all,COMPLETED,PLA,1000.0,TOTAL_BUDGET,0,0,0,0,0,0,0,0
5ZVSHYCF9F7U,"G79, G81",ABORTED,PLA,3000.0,TOTAL_BUDGET,0,0,0,0,0,0,0,0
60HKN0U0QCZF,AirSound,COMPLETED,PLA,1000.0,TOTAL_BUDGET,0,0,0,0,0,0,0,0
60IW8AEVQIMJ,AY_TizumEchoplus_CPC,ABORTED,PLA,3000.0,TOTAL_BUDGET,0,0,0,0,0,0,0,0
60MZVD9UXMF9,Writing Pad,ABORTED,PLA,1000.0,TOTAL_BUDGET,0,0,0,0,0,0,0,0
60TYL0MIQT8R,Canister,COMPLETED,PLA,,TOTAL_BUDGET,0,0,0,0,0,0,0,0
61NN9RNC2R9T,Sunglasses,COMPLETED,PLA,1000.0,TOTAL_BUDGET,0,0,0,0,0,0,0,0
62P2YK72U8PW,New Laptop Sleeve,COMPLETED,PLA,1000.0,TOTAL_BUDGET,0,0,0,0,0,0,0,0
62V1I71X,Car Charger,COMPLETED,PLA,848.0,TOTAL_BUDGET,0,0,0,0,0,0,0,0
640E1ODZ34GS,New Laptop Bag,COMPLETED,PLA,1000.0,TOTAL_BUDGET,0,0,0,0,0,0,0,0
64G18S3PL5VF,Backpacks,COMPLETED,PLA,1000.0,TOTAL_BUDGET,0,0,0,0,0,0,0,0
64HPFE3ONJHH,Wallets,COMPLETED,PLA,1000.0,TOTAL_BUDGET,0,0,0,0,0,0,0,0
64IS9POKBOVR,chopper,COMPLETED,PLA,1000.0,TOTAL_BUDGET,0,0,0,0,0,0,0,0
64SULBTBPNOX,Canister,ABORTED,PLA,1000.0,TOTAL_BUDGET,0,0,0,0,0,0,0,0
64ZYK8SG3J07,Duffel Bags,COMPLETED,PLA,1000.0,TOTAL_BUDGET,0,0,0,0,0,0,0,0
6514C94UKT9F,Duffel Bag,COMPLETED,PLA,1000.0,TOTAL_BUDGET,0,0,0,0,0,0,0,0
65BF15SX,Wall Charger 17Aug,COMPLETED,PLA,848.0,TOTAL_BUDGET,0,0,0,0,0,0,0,0
65HL2HXAO28S,Lunch Box ,COMPLETED,PLA,1000.0,TOTAL_BUDGET,0,0,0,0,0,0,0,0
6698S8PI4BKK,New G11 earphone,ABORTED,PLA,1000.0,TOTAL_BUDGET,0,0,0,0,0,0,0,0
66A9EB6KDUMK,Laptop Sleeve,COMPLETED,PLA,5000.0,TOTAL_BUDGET,0,0,0,0,0,0,0,0
66QPIG2IJW16,Mobile Cables,COMPLETED,PLA,1000.0,TOTAL_BUDGET,0,0,0,0,0,0,0,0
682QJ5DBXCX3,C72 & C96 sleeves,ABORTED,PLA,1000.0,TOTAL_BUDGET,0,0,0,0,0,0,0,0
6AAOHWBAVJEY,LunchBoxes,COMPLETED,PLA,2000.0,TOTAL_BUDGET,0,0,0,0,0,0,0,0
6B0BDIY8Z9C9,Gadget Organizer,COMPLETED,PLA,1000.0,TOTAL_BUDGET,0,0,0,0,0,0,0,0
6BX7O3FT8IMR,AY_Gizga_Holder_ROI,ABORTED,PLA,5000.0,TOTAL_BUDGET,0,0,0,0,0,0,0,0
6CBF8KVAEWM7,New backpacks,COMPLETED,PLA,1000.0,TOTAL_BUDGET,0,0,0,0,0,0,0,0
6CQS4UDVY1SA,AirCase New Sleeve,ABORTED,PLA,1000.0,TOTAL_BUDGET,0,0,0,0,0,0,0,0
6D0UKKATLG9K,Sunglasses,ABORTED,PLA,1000.0,TOTAL_BUDGET,0,0,0,0,0,0,0,0
6D950QXO4KCU,Desk Mouse Pad,COMPLETED,PLA,1000.0,TOTAL_BUDGET,0,0,0,0,0,0,0,0
6DFWNN3S,208 Sleeve,COMPLETED,PLA,848.0,TOTAL_BUDGET,0,0,0,0,0,0,0,0
6DGR53LFMH94,"Z28, Z29",COMPLETED,PLA,1000.0,TOTAL_BUDGET,0,0,0,0,0,0,0,0
6DGX3XY1Z1ST,DMAIPLAY,COMPLETED,PLA,1000.0,TOTAL_BUDGET,0,0,0,0,0,0,0,0
6DLTDYD7364N,Choppers,COMPLETED,PLA,1000.0,TOTAL_BUDGET,0,0,0,0,0,0,0,0
6E09S3EZ6QQF,Duffel Bags,COMPLETED,PLA,1000.0,TOTAL_BUDGET,0,0,0,0,0,0,0,0
6E8DO7156L94,New Laptop Sleeve,ABORTED,PLA,1000.0,TOTAL_BUDGET,0,0,0,0,0,0,0,0
6FJ02CTELC83,Airsound,COMPLETED,PLA,1000.0,TOTAL_BUDGET,0,0,0,0,0,0,0,0
6GEVLJUQN8HB,Kettle,COMPLETED,PLA,1000.0,TOTAL_BUDGET,0,0,0,0,0,0,0,0
6GN5958CQWO0,iPhone Cases,COMPLETED,PLA,1000.0,TOTAL_BUDGET,0,0,0,0,0,0,0,0
6HFM786Z7SCB,Stylus Pen-30-01-2025,ABORTED,PLA,5000.0,TOTAL_BUDGET,0,0,0,0,0,0,0,0
6IGUN5E029A9,Kitchen tools DOTD,COMPLETED,PLA,1000.0,TOTAL_BUDGET,0,0,0,0,0,0,0,0
6JDCH4F7ML2M,car chargers,COMPLETED,PLA,1000.0,TOTAL_BUDGET,0,0,0,0,0,0,0,0
6JHTM2G7SAC6,Car Holder,ABORTED,PLA,1000.0,TOTAL_BUDGET,0,0,0,0,0,0,0,0
6K0112UW3SYR,Clone of LTA-CPC-Travel Organiser-3-9-2025,PAUSED,PLA,1500.0,DAILY_BUDGET,0,0,0,0,0,0,0,0
6K38UXM4,Laptop Sleeve,ABORTED,PLA,1695.0,TOTAL_BUDGET,0,0,0,0,0,0,0,0
6LJWQN36LTJF,X Bluetooth,ABORTED,PLA,1000.0,TOTAL_BUDGET,0,0,0,0,0,0,0,0
6LZWPQKD0OHE,Insulated LunchBox,COMPLETED,PLA,1000.0,TOTAL_BUDGET,0,0,0,0,0,0,0,0
6M36CTKYX6KS,Sunglasses,ABORTED,PLA,1000.0,TOTAL_BUDGET,0,0,0,0,0,0,0,0
6MDZBOB8ZQE9,Stroller,ABORTED,PLA,8000.0,TOTAL_BUDGET,0,0,0,0,0,0,0,0
6MJ278UI2TER,Wallets,COMPLETED,PLA,2000.0,TOTAL_BUDGET,0,0,0,0,0,0,0,0
6N76U12WXV3P,Sunglasses Low,ABORTED,PLA,1000.0,TOTAL_BUDGET,0,0,0,0,0,0,0,0
6O8IQ7HU14OE,Mobile Stand,COMPLETED,PLA,1000.0,TOTAL_BUDGET,0,0,0,0,0,0,0,0
6OEXW3F1XK6K,Speaker,ABORTED,PLA,1000.0,TOTAL_BUDGET,0,0,0,0,0,0,0,0
6OPKW95W3RCV,Gadget Organizer,COMPLETED,PLA,1000.0,TOTAL_BUDGET,0,0,0,0,0,0,0,0
6POYK4YQNW74,Borosilicate LB,BUDGET_MET,PLA,1000.0,TOTAL_BUDGET,0,0,0,0,0,0,0,0
6PUJ6CMXC502,H35-COP,COMPLETED,PLA,1000.0,TOTAL_BUDGET,0,0,0,0,0,0,0,0
6Q6SHJK2JQ72,Clone of Flaskss all,COMPLETED,PLA,1000.0,TOTAL_BUDGET,0,0,0,0,0,0,0,0
6QFGA10XIWUD,New backpacks,COMPLETED,PLA,1000.0,TOTAL_BUDGET,0,0,0,0,0,0,0,0
6QYADGLAAHJF,Signature Series,ABORTED,PLA,1000.0,TOTAL_BUDGET,0,0,0,0,0,0,0,0
6R95WND429QW,CPC-Mobile Cooler-3-10-2025,PAUSED,PLA,500.0,DAILY_BUDGET,0,0,0,0,0,0,0,0
6RKGBEUKB13T,Insualted LunchBox,ABORTED,PLA,1000.0,TOTAL_BUDGET,0,0,0,0,0,0,0,0
6SKLFSNT9EC8,Clone of CPC-HN-Storage Cabinet-26-11-2025,PAUSED,PLA,300.0,DAILY_BUDGET,0,0,0,0,0,0,0,0
6SS5DH8S2GRV,G56 G57,ABORTED,PLA,1000.0,TOTAL_BUDGET,0,0,0,0,0,0,0,0
6T2B4U07ACTK,Stylus Pen-23-12-2024,ABORTED,PLA,5500.0,TOTAL_BUDGET,0,0,0,0,0,0,0,0
6TBFTF02CZO6,Wallets,COMPLETED,PLA,1000.0,TOTAL_BUDGET,0,0,0,0,0,0,0,0
6TN1HMYQWSAW,Wallets All,COMPLETED,PLA,1000.0,TOTAL_BUDGET,0,0,0,0,0,0,0,0
6U80ENGYTQYM,Kettle,COMPLETED,PLA,1000.0,TOTAL_BUDGET,0,0,0,0,0,0,0,0
6UT2N8ZDD50L,Kettle,COMPLETED,PLA,2000.0,TOTAL_BUDGET,0,0,0,0,0,0,0,0
6VGZQXPXZPAU,CPC-CK-122-10-10-2025,ABORTED,PLA,300.0,DAILY_BUDGET,0,0,0,0,0,0,0,0
6WU2ENTAEHDS,Stroller ,ABORTED,PLA,2000.0,TOTAL_BUDGET,0,0,0,0,0,0,0,0
6WW782A1UY3N,Laptop Sleeve,COMPLETED,PLA,5000.0,TOTAL_BUDGET,0,0,0,0,0,0,0,0
6X6MRD3H17R2,Kettle,COMPLETED,PLA,2000.0,TOTAL_BUDGET,0,0,0,0,0,0,0,0
6X95XPJNBDBJ,Wallets,COMPLETED,PLA,1000.0,TOTAL_BUDGET,0,0,0,0,0,0,0,0
6XP5JPAWLK5F,Gadget Organiser,COMPLETED,PLA,1000.0,TOTAL_BUDGET,0,0,0,0,0,0,0,0
6XQ5PZDJ2W3B,Insulated LunchBox,COMPLETED,PLA,1000.0,TOTAL_BUDGET,0,0,0,0,0,0,0,0
6XQOG59Q00IS,Cutting board,COMPLETED,PLA,1000.0,TOTAL_BUDGET,0,0,0,0,0,0,0,0
6XXS7IBM64KR,14.1 inch sleeve,COMPLETED,PLA,,TOTAL_BUDGET,0,0,0,0,0,0,0,0
6YKE95LUFCYV,"C32, C35, C56",COMPLETED,PLA,1000.0,TOTAL_BUDGET,0,0,0,0,0,0,0,0
6YO1BT4ELF4A,AY_Gizga_PLA_CPC_July,ABORTED,PLA,3000.0,DAILY_BUDGET,0,0,0,0,0,0,0,0
700XDQX9V0UQ,Bottel & Flask,COMPLETED,PLA,1000.0,TOTAL_BUDGET,0,0,0,0,0,0,0,0
70TYMVT5KZ0Y,gizga cable,COMPLETED,PLA,1000.0,TOTAL_BUDGET,0,0,0,0,0,0,0,0
70YV1Q2EBZO3,G33-BLU,COMPLETED,PLA,1000.0,TOTAL_BUDGET,0,0,0,0,0,0,0,0
70ZA1TOFMRF8,New backpacks B,COMPLETED,PLA,1000.0,TOTAL_BUDGET,0,0,0,0,0,0,0,0
71A1PV6ICASQ,oil & Spice,COMPLETED,PLA,1000.0,TOTAL_BUDGET,0,0,0,0,0,0,0,0
71DMVAGLFKW1,Canister,ABORTED,PLA,1000.0,TOTAL_BUDGET,0,0,0,0,0,0,0,0
71DQGFWNU96N,Backpack Slow,COMPLETED,PLA,1000.0,TOTAL_BUDGET,0,0,0,0,0,0,0,0
71TNR0Y2G08D,Low Selling Sleeve,ABORTED,PLA,1000.0,TOTAL_BUDGET,0,0,0,0,0,0,0,0
71YT7RJOCUQ7,Food Jar,ABORTED,PLA,1000.0,TOTAL_BUDGET,0,0,0,0,0,0,0,0
726TU0JQ,Canisters,COMPLETED,PLA,848.0,TOTAL_BUDGET,0,0,0,0,0,0,0,0
7293RVXBQ30Z,Airpad,ABORTED,PLA,1000.0,TOTAL_BUDGET,0,0,0,0,0,0,0,0
72EW47QVS5Z0,FSB-ITAcc-Mar-D,ABORTED,PLA,1000.0,TOTAL_BUDGET,0,0,0,0,0,0,0,0
73HD7JSHA2II,Canister,COMPLETED,PLA,1000.0,TOTAL_BUDGET,0,0,0,0,0,0,0,0
73TN2F16MYJX,Backpack,COMPLETED,PLA,1000.0,TOTAL_BUDGET,0,0,0,0,0,0,0,0
74XBD3KA2BYS,Sunglasses,ABORTED,PLA,1000.0,TOTAL_BUDGET,0,0,0,0,0,0,0,0
759KKA1XVBCF,15.6 inch sleeve,COMPLETED,PLA,,TOTAL_BUDGET,0,0,0,0,0,0,0,0
75DIODARGHLR,Car Chargers,COMPLETED,PLA,1000.0,TOTAL_BUDGET,0,0,0,0,0,0,0,0
75FGFOUKTWL9,Gadget Organizer,COMPLETED,PLA,1000.0,TOTAL_BUDGET,0,0,0,0,0,0,0,0
760RWE87KVYD,Insulated LunchBox,COMPLETED,PLA,1000.0,TOTAL_BUDGET,0,0,0,0,0,0,0,0
76FDXEY5VLLL,Lunch Box 1700ml,COMPLETED,PLA,,TOTAL_BUDGET,0,0,0,0,0,0,0,0
774DCMBGHUTM,New Laptop Sleeve,ABORTED,PLA,1000.0,TOTAL_BUDGET,0,0,0,0,0,0,0,0
777XSU1UVWXV,Food Jar,COMPLETED,PLA,1000.0,TOTAL_BUDGET,0,0,0,0,0,0,0,0
77WJXT6Y,Laptop Table,ABORTED,PLA,848.0,TOTAL_BUDGET,0,0,0,0,0,0,0,0
78C8RD2I6UYX,Gadget Organizer,ABORTED,PLA,12000.0,TOTAL_BUDGET,0,0,0,0,0,0,0,0
78OXZCXQBRRO,Insulated LunchBox,COMPLETED,PLA,1000.0,TOTAL_BUDGET,0,0,0,0,0,0,0,0
794V9QIVW42J,AX-905,ABORTED,PLA,1000.0,TOTAL_BUDGET,0,0,0,0,0,0,0,0
7961M53NONEK,Glass Lunchbox,COMPLETED,PLA,1000.0,TOTAL_BUDGET,0,0,0,0,0,0,0,0
79Q3NO02XGE7,Sunglasses,COMPLETED,PLA,1000.0,TOTAL_BUDGET,0,0,0,0,0,0,0,0
7A004P8KWT8G,LunchBoxes,COMPLETED,PLA,5000.0,TOTAL_BUDGET,0,0,0,0,0,0,0,0
7BHVR54JFZQQ,AY_Gizga_Camkit_CPC,ABORTED,PLA,17000.0,TOTAL_BUDGET,0,0,0,0,0,0,0,0
7BORQGBLDXJT,Canister n food jar,COMPLETED,PLA,1000.0,TOTAL_BUDGET,0,0,0,0,0,0,0,0
7CEWZV2BR1UV,gizga cable,COMPLETED,PLA,1000.0,TOTAL_BUDGET,0,0,0,0,0,0,0,0
7CHKP58P167O,Flaskss all,COMPLETED,PLA,1000.0,TOTAL_BUDGET,0,0,0,0,0,0,0,0
7D4NXAZFWZWR,FJ Canister Bott,COMPLETED,PLA,2000.0,TOTAL_BUDGET,0,0,0,0,0,0,0,0
7DABB243XRK1,Insulated LunchBox,COMPLETED,PLA,1000.0,TOTAL_BUDGET,0,0,0,0,0,0,0,0
7DOQ1I0RIK4M,Chopping Board,COMPLETED,PLA,1000.0,TOTAL_BUDGET,0,0,0,0,0,0,0,0
7EGERJJBMKVG,Kettle,COMPLETED,PLA,2000.0,TOTAL_BUDGET,0,0,0,0,0,0,0,0
7EV8ZED06TZ5,Wallets,COMPLETED,PLA,1000.0,TOTAL_BUDGET,0,0,0,0,0,0,0,0
7F40WA77D54E,Duffel bag,COMPLETED,PLA,1000.0,TOTAL_BUDGET,0,0,0,0,0,0,0,0
7FE10HK3BQ5C,Signature Series,COMPLETED,PLA,1000.0,TOTAL_BUDGET,0,0,0,0,0,0,0,0
7FTKIDMZ3ULS,Insulated LunchBox,COMPLETED,PLA,1000.0,TOTAL_BUDGET,0,0,0,0,0,0,0,0
7FY3AF3VWK6K,Food Jar,COMPLETED,PLA,1000.0,TOTAL_BUDGET,0,0,0,0,0,0,0,0
7G0KZWA0TYJU,Hard Drive Case,ABORTED,PLA,1000.0,TOTAL_BUDGET,0,0,0,0,0,0,0,0
7GT9JXBB7IU5,Duffel Bag,ABORTED,PLA,1000.0,TOTAL_BUDGET,0,0,0,0,0,0,0,0
7HITTYYTW5X0,New backpacks,COMPLETED,PLA,1000.0,TOTAL_BUDGET,0,0,0,0,0,0,0,0
7HOL48U0HRK9,Travel Organizer,COMPLETED,PLA,1000.0,TOTAL_BUDGET,0,0,0,0,0,0,0,0
7HTYBMJ3JXSN,Duffel Bag,ABORTED,PLA,1000.0,TOTAL_BUDGET,0,0,0,0,0,0,0,0
7HV244TBVPB2,Insulated LunchBox,BUDGET_MET,PLA,1000.0,TOTAL_BUDGET,0,0,0,0,0,0,0,0
7I60EV4I3K2K,Insulated LunchBox,COMPLETED,PLA,1000.0,TOTAL_BUDGET,0,0,0,0,0,0,0,0
7JAMU7ROO0NS,Chopping Board,COMPLETED,PLA,1000.0,TOTAL_BUDGET,0,0,0,0,0,0,0,0
7K1WO4OSRZB0,Headphone Case,COMPLETED,PLA,1000.0,TOTAL_BUDGET,0,0,0,0,0,0,0,0
7KZDKWRGIY43,New Laptop Sleeve,COMPLETED,PLA,2000.0,TOTAL_BUDGET,0,0,0,0,0,0,0,0
7L205SOGN0UT,Insulated LunchBox,COMPLETED,PLA,1000.0,TOTAL_BUDGET,0,0,0,0,0,0,0,0
7M6BTU8YAMRF,Food Jar,ABORTED,PLA,1000.0,TOTAL_BUDGET,0,0,0,0,0,0,0,0
7MJC3UTSY1RX,Wallets,COMPLETED,PLA,1000.0,TOTAL_BUDGET,0,0,0,0,0,0,0,0
7NHHY0UTTV2O,Laptop Sleeve,COMPLETED,PLA,2000.0,TOTAL_BUDGET,0,0,0,0,0,0,0,0
7NTIHDOOBXZA,Car Chargers,COMPLETED,PLA,1000.0,TOTAL_BUDGET,0,0,0,0,0,0,0,0
7OGXEISRVC9K,HB LunchBox,ABORTED,PLA,1000.0,TOTAL_BUDGET,0,0,0,0,0,0,0,0
7OUWAU6C,canister food jar,COMPLETED,PLA,1695.0,TOTAL_BUDGET,0,0,0,0,0,0,0,0
7P4Z50G8VKAP,Airsound,COMPLETED,PLA,1000.0,TOTAL_BUDGET,0,0,0,0,0,0,0,0
7PDLVNIL6H3P,Flasks,COMPLETED,PLA,,TOTAL_BUDGET,0,0,0,0,0,0,0,0
7Q4FGQKV5YFH,Laptop Stand Table,COMPLETED,PLA,2000.0,TOTAL_BUDGET,0,0,0,0,0,0,0,0
7RNCMVDUWBK3,CPC-Data Cable-Low CVR-8-10-2025,PAUSED,PLA,300.0,DAILY_BUDGET,0,0,0,0,0,0,0,0
7S1ON0B9M300,Canister,ABORTED,PLA,1000.0,TOTAL_BUDGET,0,0,0,0,0,0,0,0
7SVS8F6M7VRM,Signature Series ,ABORTED,PLA,1000.0,TOTAL_BUDGET,0,0,0,0,0,0,0,0
7TKI52JO,Mobile Car Holder,COMPLETED,PLA,848.0,TOTAL_BUDGET,0,0,0,0,0,0,0,0
7TS04R8RGTD8,Insulated LunchBox,COMPLETED,PLA,2000.0,TOTAL_BUDGET,0,0,0,0,0,0,0,0
7VA5D3BO64VX,Desk Mat,COMPLETED,PLA,1000.0,TOTAL_BUDGET,0,0,0,0,0,0,0,0
7WWH57J6QH6C,HeadPhone Case,ABORTED,PLA,1000.0,TOTAL_BUDGET,0,0,0,0,0,0,0,0
7XH4AT1BPF40,Mousepads,ABORTED,PLA,1000.0,TOTAL_BUDGET,0,0,0,0,0,0,0,0
7XK0JO9CQLHP,Gadget Organizer,COMPLETED,PLA,1000.0,TOTAL_BUDGET,0,0,0,0,0,0,0,0
7YV6MXP1FPDN,Wallets,COMPLETED,PLA,1000.0,TOTAL_BUDGET,0,0,0,0,0,0,0,0
7ZHOARWTDKP5,Wallets,COMPLETED,PLA,1000.0,TOTAL_BUDGET,0,0,0,0,0,0,0,0
7ZVC58DWMC03,MousePad,ABORTED,PLA,1000.0,TOTAL_BUDGET,0,0,0,0,0,0,0,0
80CFMJ91M2VS,Clone of CPC-Storage Box-Fast Moving-8-10-2025,PAUSED,PLA,300.0,DAILY_BUDGET,0,0,0,0,0,0,0,0
81A9NESAJI42,G70 Series,ABORTED,PLA,20000.0,TOTAL_BUDGET,0,0,0,0,0,0,0,0
81V277FHV5WQ,LunchBox,COMPLETED,PLA,2000.0,TOTAL_BUDGET,0,0,0,0,0,0,0,0
8253YWHA1J1G,Insulated LunchBox,COMPLETED,PLA,1000.0,TOTAL_BUDGET,0,0,0,0,0,0,0,0
8267LEQ3BCT8,iWatch Strap,ABORTED,PLA,1000.0,TOTAL_BUDGET,0,0,0,0,0,0,0,0
82RXN70AE0MW,canister,COMPLETED,PLA,1000.0,TOTAL_BUDGET,0,0,0,0,0,0,0,0
82TFOSML988H,Gadget Organiser,COMPLETED,PLA,1000.0,TOTAL_BUDGET,0,0,0,0,0,0,0,0
830GE6QDSPZK,New Products,COMPLETED,PLA,1000.0,TOTAL_BUDGET,0,0,0,0,0,0,0,0
83E0XXVBFPQH,G18 & 20,COMPLETED,PLA,1000.0,TOTAL_BUDGET,0,0,0,0,0,0,0,0
84U71XOW18ZC,New Laptop Sleeve,COMPLETED,PLA,1000.0,TOTAL_BUDGET,0,0,0,0,0,0,0,0
85GGQIJKPX15,Food Jar,BUDGET_MET,PLA,1000.0,TOTAL_BUDGET,0,0,0,0,0,0,0,0
86D6T0T8E5S7,Headphone Case,COMPLETED,PLA,1000.0,TOTAL_BUDGET,0,0,0,0,0,0,0,0
86IIRW9CIYPX,New Laptop Stand,COMPLETED,PLA,1000.0,TOTAL_BUDGET,0,0,0,0,0,0,0,0
86N0TBI6NZ6W,Flasks,COMPLETED,PLA,1000.0,TOTAL_BUDGET,0,0,0,0,0,0,0,0
8757BW66VNRU,Laptop Sleeve,COMPLETED,PLA,2000.0,TOTAL_BUDGET,0,0,0,0,0,0,0,0
87A4CSQ55266,Car Charger,COMPLETED,PLA,1000.0,TOTAL_BUDGET,0,0,0,0,0,0,0,0
87AZFSWSUVFX,Cutting board,COMPLETED,PLA,1000.0,TOTAL_BUDGET,0,0,0,0,0,0,0,0
87WEV63YHH1H,Car Charger,COMPLETED,PLA,1000.0,TOTAL_BUDGET,0,0,0,0,0,0,0,0
893H0QIJLE41,Insulated LunchBox,BUDGET_MET,PLA,1000.0,TOTAL_BUDGET,0,0,0,0,0,0,0,0
89F9X9M26GXM,Canister,COMPLETED,PLA,1000.0,TOTAL_BUDGET,0,0,0,0,0,0,0,0
89GUCLKIET4R,Insulated LunchBox,COMPLETED,PLA,1000.0,TOTAL_BUDGET,0,0,0,0,0,0,0,0
89HK30F9WI6B,Z11-BLk,COMPLETED,PLA,1000.0,TOTAL_BUDGET,0,0,0,0,0,0,0,0
89MAUA11JZA3,Old Laptop Sleeve,COMPLETED,PLA,3000.0,TOTAL_BUDGET,0,0,0,0,0,0,0,0
8A83R0DR00UW,AY_Aircase_ROI_,ABORTED,PLA,15000.0,TOTAL_BUDGET,0,0,0,0,0,0,0,0
8AUKNK3XDR45,Gizga HDD,ABORTED,PLA,1000.0,TOTAL_BUDGET,0,0,0,0,0,0,0,0
8AX1X0FVEVDA,Gizga & Tizum Sleeve,ABORTED,PLA,1000.0,TOTAL_BUDGET,0,0,0,0,0,0,0,0
8BR570MI3IW3,bottels,COMPLETED,PLA,2000.0,TOTAL_BUDGET,0,0,0,0,0,0,0,0
8BWYKEMK379S,Sleeve Backpack,COMPLETED,PLA,1000.0,TOTAL_BUDGET,0,0,0,0,0,0,0,0
8C2OR3MTNDKK,1700ml LunchBox,COMPLETED,PLA,1000.0,TOTAL_BUDGET,0,0,0,0,0,0,0,0
8CR1V5IPJ9UH,Tizum Sleeve,BUDGET_MET,PLA,1000.0,TOTAL_BUDGET,0,0,0,0,0,0,0,0
8DSZC4XLHNK7,FSB-LunchBox-Aug,ABORTED,PLA,3000.0,TOTAL_BUDGET,0,0,0,0,0,0,0,0
8EGV671DVSQB,New Laptop Sleeve,COMPLETED,PLA,1000.0,TOTAL_BUDGET,0,0,0,0,0,0,0,0
8EKQE7F7V2TN,Power Bank,COMPLETED,PLA,1000.0,TOTAL_BUDGET,0,0,0,0,0,0,0,0
8ELI9J5KQDCE,Travel Organizer,COMPLETED,PLA,1000.0,TOTAL_BUDGET,0,0,0,0,0,0,0,0
8FWJF7B6S12S,Mousepad,ABORTED,PLA,1000.0,TOTAL_BUDGET,0,0,0,0,0,0,0,0
8G86Q1JKS5KL,AirCase Old Sleeve,BUDGET_MET,PLA,1000.0,TOTAL_BUDGET,0,0,0,0,0,0,0,0
8GDB46LT0X9H,HDD Cases,COMPLETED,PLA,1000.0,TOTAL_BUDGET,0,0,0,0,0,0,0,0
8GMSE2U7J2RG,New Laptop Sleeve,COMPLETED,PLA,2000.0,TOTAL_BUDGET,0,0,0,0,0,0,0,0
8GQNBOVKHXY9,New Products,COMPLETED,PLA,1000.0,TOTAL_BUDGET,0,0,0,0,0,0,0,0
8GV12QOFV0UM,New Lightning Cable,COMPLETED,PLA,1000.0,TOTAL_BUDGET,0,0,0,0,0,0,0,0
8GVM6F0Z78ED,Duffel Bags,COMPLETED,PLA,1000.0,TOTAL_BUDGET,0,0,0,0,0,0,0,0
8GVT48B2RSBU,Clone of USB HUB-20-1-2025,DRAFT,PLA,5000.0,TOTAL_BUDGET,0,0,0,0,0,0,0,0
8GYX3GJRB3FD,Mobile Cables,COMPLETED,PLA,2000.0,TOTAL_BUDGET,0,0,0,0,0,0,0,0
8GYYRL3E3BU0,FKSB-ITacc-oct-D,ABORTED,PLA,20000.0,TOTAL_BUDGET,0,0,0,0,0,0,0,0
8HWZ7RUHRKTU,Bottel & Flask,COMPLETED,PLA,1000.0,TOTAL_BUDGET,0,0,0,0,0,0,0,0
8HZIIIJ8P6FQ,iWatch Strap,ABORTED,PLA,1000.0,TOTAL_BUDGET,0,0,0,0,0,0,0,0
8I57QOGA40T5,Aircase Old Sleeve,BUDGET_MET,PLA,1000.0,TOTAL_BUDGET,0,0,0,0,0,0,0,0
8IP2Z0QL,HDD cases,COMPLETED,PLA,2543.0,TOTAL_BUDGET,0,0,0,0,0,0,0,0
8J3SL0O6FJ5W,G18 & 20,COMPLETED,PLA,1000.0,TOTAL_BUDGET,0,0,0,0,0,0,0,0
8JEGAB4NIIAI,CPC-Small Mousepad-13-9-2025,PAUSED,PLA,400.0,DAILY_BUDGET,0,0,0,0,0,0,0,0
8JSY1TYQRKOH,C96 Series Sleeves,ABORTED,PLA,3000.0,TOTAL_BUDGET,0,0,0,0,0,0,0,0
8KAV8VHDSJDR,Insulated LunchBox,ABORTED,PLA,1000.0,TOTAL_BUDGET,0,0,0,0,0,0,0,0
8KISHVIFUUIC,FJ Canister Bott,ABORTED,PLA,2000.0,TOTAL_BUDGET,0,0,0,0,0,0,0,0
8LP0K6863A7R,Insulated LunchBox,ABORTED,PLA,1000.0,TOTAL_BUDGET,0,0,0,0,0,0,0,0
8M4KFSW7DG7V,New Laptop Sleeve,ABORTED,PLA,1000.0,TOTAL_BUDGET,0,0,0,0,0,0,0,0
8MBAM2MPIS3O,New backpacks,COMPLETED,PLA,1000.0,TOTAL_BUDGET,0,0,0,0,0,0,0,0
8MCOQ7VRJ8JU,HTC Charger,COMPLETED,PLA,1000.0,TOTAL_BUDGET,0,0,0,0,0,0,0,0
8N8PVENYOAAJ,Kitchen tools,COMPLETED,PLA,1000.0,TOTAL_BUDGET,0,0,0,0,0,0,0,0
8ORH8A15Z90C,Airsound,COMPLETED,PLA,1000.0,TOTAL_BUDGET,0,0,0,0,0,0,0,0
8OZEGQVNZG5Y,Stylus Pen-04-01-2025,ABORTED,PLA,5000.0,TOTAL_BUDGET,0,0,0,0,0,0,0,0
8P3RONSEQVQY,Tizum Backpack,COMPLETED,PLA,1000.0,TOTAL_BUDGET,0,0,0,0,0,0,0,0
8PLCNACTB9MY,Sleeve Backpack,COMPLETED,PLA,1000.0,TOTAL_BUDGET,0,0,0,0,0,0,0,0
8POGL6B9,HDD Cases,COMPLETED,PLA,4238.0,TOTAL_BUDGET,0,0,0,0,0,0,0,0
8Q2BMZ2HMLPK,Duffel Bag,COMPLETED,PLA,1000.0,TOTAL_BUDGET,0,0,0,0,0,0,0,0
8Q4LR4L4WIXC,Clone of CPC-Cob Light-Fast Moving-3-7-2025,DRAFT,PLA,300.0,DAILY_BUDGET,0,0,0,0,0,0,0,0
8QFM098SE1JD,TOM_MARTIN_26-11-2024,ABORTED,PLA,3000.0,TOTAL_BUDGET,0,0,0,0,0,0,0,0
8RB0JAZ4,Aircase 11 13 Sleeve,COMPLETED,PLA,1695.0,TOTAL_BUDGET,0,0,0,0,0,0,0,0
8SUWDW5G388V,Airsound,COMPLETED,PLA,1000.0,TOTAL_BUDGET,0,0,0,0,0,0,0,0
8T5PQRNKP338,Chopper,COMPLETED,PLA,1000.0,TOTAL_BUDGET,0,0,0,0,0,0,0,0
8UKJAD03YXOL,New Lightning Cable,COMPLETED,PLA,1000.0,TOTAL_BUDGET,0,0,0,0,0,0,0,0
8ULHQ5S1RANY,Stand-24-1-2025,ABORTED,PLA,5500.0,TOTAL_BUDGET,0,0,0,0,0,0,0,0
8VM1HC8ISPWO,newlaunch 22,ABORTED,PLA,2500.0,TOTAL_BUDGET,0,0,0,0,0,0,0,0
8VQ0BXE4K7IV,Stylus Pen-20-12-2024,ABORTED,PLA,3000.0,TOTAL_BUDGET,0,0,0,0,0,0,0,0
8VX03NOGD8VA,Insulated LunchBox,COMPLETED,PLA,1000.0,TOTAL_BUDGET,0,0,0,0,0,0,0,0
8VYZ1XWQ8QGK,Insulated LunchBox,COMPLETED,PLA,1000.0,TOTAL_BUDGET,0,0,0,0,0,0,0,0
8WON7GOO1L1Q,Insulated LunchBox,COMPLETED,PLA,1000.0,TOTAL_BUDGET,0,0,0,0,0,0,0,0
8WXEBA41OZZZ,iPhone Cases,COMPLETED,PLA,1000.0,TOTAL_BUDGET,0,0,0,0,0,0,0,0
8XFXDFB9,Earphone,COMPLETED,PLA,848.0,TOTAL_BUDGET,0,0,0,0,0,0,0,0
8XUWYT0L,Chargers,COMPLETED,PLA,1695.0,TOTAL_BUDGET,0,0,0,0,0,0,0,0
8Y1TIF3P,Gizga Cable,COMPLETED,PLA,848.0,TOTAL_BUDGET,0,0,0,0,0,0,0,0
8YAP6BXWFCM0,AX-905,COMPLETED,PLA,1000.0,TOTAL_BUDGET,0,0,0,0,0,0,0,0
8YCC3VBD7V5P,Car Chargers,COMPLETED,PLA,1000.0,TOTAL_BUDGET,0,0,0,0,0,0,0,0
8ZNAN7R7KCQB,Signature Series,COMPLETED,PLA,1000.0,TOTAL_BUDGET,0,0,0,0,0,0,0,0
8ZS58UEUGW5W,Exp Airpod Cases,ABORTED,PLA,1000.0,TOTAL_BUDGET,0,0,0,0,0,0,0,0
90D3IJ2V,Wooden table,COMPLETED,PLA,848.0,TOTAL_BUDGET,0,0,0,0,0,0,0,0
90PI2VZGSNFV,Backpack,ABORTED,PLA,1000.0,TOTAL_BUDGET,0,0,0,0,0,0,0,0
91N7ASAOWEQ3,HomePuff-GlassROI,ABORTED,PLA,2000.0,TOTAL_BUDGET,0,0,0,0,0,0,0,0
92B0AVZRGCD3,AY_Gizga_USBHUB_CPC,ABORTED,PLA,6000.0,TOTAL_BUDGET,0,0,0,0,0,0,0,0
92JR6GMS,HDD CASE,COMPLETED,PLA,1695.0,TOTAL_BUDGET,0,0,0,0,0,0,0,0
92JRBGLP5PWA,Earphone Case,COMPLETED,PLA,1000.0,TOTAL_BUDGET,0,0,0,0,0,0,0,0
932WHSUQT8PO,Insulated LunchBox,COMPLETED,PLA,1000.0,TOTAL_BUDGET,0,0,0,0,0,0,0,0
946P94MHNKLM,H17 & Borosil,COMPLETED,PLA,1000.0,TOTAL_BUDGET,0,0,0,0,0,0,0,0
96E15QV5TJTP,Clone of Gadget Organizer-14-2-2025,DRAFT,PLA,7000.0,TOTAL_BUDGET,0,0,0,0,0,0,0,0
980Z4HPU,Gizga Cables,ABORTED,PLA,848.0,TOTAL_BUDGET,0,0,0,0,0,0,0,0
985G0YPU,Earphone Case,COMPLETED,PLA,1695.0,TOTAL_BUDGET,0,0,0,0,0,0,0,0
990MBGNOF5GZ,Chopper,ABORTED,PLA,1000.0,TOTAL_BUDGET,0,0,0,0,0,0,0,0
9A4LJLHN9JUV,Cables,COMPLETED,PLA,1000.0,TOTAL_BUDGET,0,0,0,0,0,0,0,0
9B1RC4VGRZLB,DeskMatte,ABORTED,PLA,1000.0,TOTAL_BUDGET,0,0,0,0,0,0,0,0
9CNE6GD7NKJV,Food Jar ,ABORTED,PLA,1000.0,TOTAL_BUDGET,0,0,0,0,0,0,0,0
9CPPY78USIK7,Mousepad Low,ABORTED,PLA,1000.0,TOTAL_BUDGET,0,0,0,0,0,0,0,0
9DAWMA6FKYFL,Canister,COMPLETED,PLA,1000.0,TOTAL_BUDGET,0,0,0,0,0,0,0,0
9E82GR90YHAM,Old Laptop Bag,COMPLETED,PLA,1000.0,TOTAL_BUDGET,0,0,0,0,0,0,0,0
9ER17F7D2FED,H36 37 lunchbox,ABORTED,PLA,1000.0,TOTAL_BUDGET,0,0,0,0,0,0,0,0
9F8CBSK594DB,Sunglasses,COMPLETED,PLA,1000.0,TOTAL_BUDGET,0,0,0,0,0,0,0,0
9FJR0T8NDBNN,Travel Organizer,COMPLETED,PLA,1000.0,TOTAL_BUDGET,0,0,0,0,0,0,0,0
9FQ6I41M,Laptop Sleeve,COMPLETED,PLA,4238.0,TOTAL_BUDGET,0,0,0,0,0,0,0,0
9GKBPMAA4AHX,Backpack,COMPLETED,PLA,1000.0,TOTAL_BUDGET,0,0,0,0,0,0,0,0
9H6VXH517R1V,bottel flask,COMPLETED,PLA,2000.0,TOTAL_BUDGET,0,0,0,0,0,0,0,0
9HUQJOQNO8WE,New backpacks B,COMPLETED,PLA,1000.0,TOTAL_BUDGET,0,0,0,0,0,0,0,0
9I5AUZJLJIE1,Insulated LunchBox,COMPLETED,PLA,2000.0,TOTAL_BUDGET,0,0,0,0,0,0,0,0
9J48MJHT0AXD,Signature Series,COMPLETED,PLA,1000.0,TOTAL_BUDGET,0,0,0,0,0,0,0,0
9JDZ1VQQ,Chopper,COMPLETED,PLA,1695.0,TOTAL_BUDGET,0,0,0,0,0,0,0,0
9JJTMILO40HT,AirCase New Sleeve,ABORTED,PLA,1000.0,TOTAL_BUDGET,0,0,0,0,0,0,0,0
9JR4WEU81BGS,Duffel Bag,COMPLETED,PLA,1000.0,TOTAL_BUDGET,0,0,0,0,0,0,0,0
9JYM39TKAA5E,Clone of CPC-Printer Cable-Low CVR-1-7-2025,ABORTED,PLA,300.0,DAILY_BUDGET,0,0,0,0,0,0,0,0
9K0G8O1GFOXA,New Laptop Sleeve,COMPLETED,PLA,2000.0,TOTAL_BUDGET,0,0,0,0,0,0,0,0
9KBZA4KJ15HK,Kettle,COMPLETED,PLA,2000.0,TOTAL_BUDGET,0,0,0,0,0,0,0,0
9L1QOGIXUUL6,Chopper,ABORTED,PLA,2000.0,TOTAL_BUDGET,0,0,0,0,0,0,0,0
9L3R01W2RJYC,FSB-ITAcc-Dec-D,ABORTED,PLA,10000.0,TOTAL_BUDGET,0,0,0,0,0,0,0,0
9M1P4C5WS2Z7,New Lighting Cables,BUDGET_MET,PLA,1000.0,TOTAL_BUDGET,0,0,0,0,0,0,0,0
9MRCC31PGUPL,Wall Charger,COMPLETED,PLA,1000.0,TOTAL_BUDGET,0,0,0,0,0,0,0,0
9MZKG1H7QRE6,Cutting Board,COMPLETED,PLA,1000.0,TOTAL_BUDGET,0,0,0,0,0,0,0,0
9N2XJTGQ083Z,iWatch Strap,ABORTED,PLA,1000.0,TOTAL_BUDGET,0,0,0,0,0,0,0,0
9N37JU0O,Gizga Cables,COMPLETED,PLA,848.0,TOTAL_BUDGET,0,0,0,0,0,0,0,0
9NEXY07QMAX3,Lunchboxes,COMPLETED,PLA,1000.0,TOTAL_BUDGET,0,0,0,0,0,0,0,0
9NX2UWU3JD7R,LunchBoxes,COMPLETED,PLA,1000.0,TOTAL_BUDGET,0,0,0,0,0,0,0,0
9O9PR79OC0H3,AirSound,COMPLETED,PLA,1000.0,TOTAL_BUDGET,0,0,0,0,0,0,0,0
9OXCVXAY1Z5U,Canister,ABORTED,PLA,1000.0,TOTAL_BUDGET,0,0,0,0,0,0,0,0
9PO24PIVCB6U,Gadget Organizer,COMPLETED,PLA,2000.0,TOTAL_BUDGET,0,0,0,0,0,0,0,0
9PZFX0JNGAGV,Insulated LunchBox,COMPLETED,PLA,1000.0,TOTAL_BUDGET,0,0,0,0,0,0,0,0
9QLXD99ID6DE,Borosilicate LB,ABORTED,PLA,16000.0,TOTAL_BUDGET,0,0,0,0,0,0,0,0
9QZI3WW8,HDD Case,ABORTED,PLA,1695.0,TOTAL_BUDGET,0,0,0,0,0,0,0,0
9RI18XIU,HDMI Cables,COMPLETED,PLA,1695.0,TOTAL_BUDGET,0,0,0,0,0,0,0,0
9RMPSDT0BLBT,Gadget Organizer,COMPLETED,PLA,1000.0,TOTAL_BUDGET,0,0,0,0,0,0,0,0
9SY16XD1V4NJ,CPC-Duster and microfiber-19-4-2024,DRAFT,PLA,9000.0,TOTAL_BUDGET,0,0,0,0,0,0,0,0
9SYXQRKSOMN6,Aircase Old Sleeve,ABORTED,PLA,1000.0,TOTAL_BUDGET,0,0,0,0,0,0,0,0
9TNNC11APJRS,Chopper 11 in 1,COMPLETED,PLA,1000.0,TOTAL_BUDGET,0,0,0,0,0,0,0,0
9TQOIFP3EV6Q,Airsound,COMPLETED,PLA,1000.0,TOTAL_BUDGET,0,0,0,0,0,0,0,0
9V8JUCF1,Lunch Box 1700,COMPLETED,PLA,848.0,TOTAL_BUDGET,0,0,0,0,0,0,0,0
9VGPL4C5,TMC20 TZKNF Cables,COMPLETED,PLA,848.0,TOTAL_BUDGET,0,0,0,0,0,0,0,0
9W01HR2YR9OU,C33 Backpack,COMPLETED,PLA,1000.0,TOTAL_BUDGET,0,0,0,0,0,0,0,0
9XOE3BGO,Hard Drive Case,ABORTED,PLA,848.0,TOTAL_BUDGET,0,0,0,0,0,0,0,0
9YKSKUDNRBTS,Gadget Org pouch,COMPLETED,PLA,1000.0,TOTAL_BUDGET,0,0,0,0,0,0,0,0
9YWKUO2G78IT,New Laptop Sleeve,COMPLETED,PLA,1000.0,TOTAL_BUDGET,0,0,0,0,0,0,0,0
9Z8VJAUAXTLH,Sunglasses,COMPLETED,PLA,1000.0,TOTAL_BUDGET,0,0,0,0,0,0,0,0
9ZPU0H19589E,New backpacks,COMPLETED,PLA,1000.0,TOTAL_BUDGET,0,0,0,0,0,0,0,0
A0D7J0IR23EG,GE Color Sleeves,ABORTED,PLA,1000.0,TOTAL_BUDGET,0,0,0,0,0,0,0,0
A0F6DGYH6XY1,Clone of chopper,COMPLETED,PLA,1000.0,TOTAL_BUDGET,0,0,0,0,0,0,0,0
A0JQU7N17EII,Clone of Lunchboxes,COMPLETED,PLA,1000.0,TOTAL_BUDGET,0,0,0,0,0,0,0,0
A0SXYDJCRBHW,G56 G57,ABORTED,PLA,1000.0,TOTAL_BUDGET,0,0,0,0,0,0,0,0
A0XXZ919N782,AY_Gizga_Camkit_ROI,ABORTED,PLA,5000.0,TOTAL_BUDGET,0,0,0,0,0,0,0,0
A10SQ1TAISQ7,Old Laptop Sleeve,COMPLETED,PLA,1000.0,TOTAL_BUDGET,0,0,0,0,0,0,0,0
A19AQ2C7Q14A,Food Jar ,ABORTED,PLA,1000.0,TOTAL_BUDGET,0,0,0,0,0,0,0,0
A1FUTWIYDI4P,1700ml LunchBox,COMPLETED,PLA,1000.0,TOTAL_BUDGET,0,0,0,0,0,0,0,0
A2BCE9ZB,Sunglasses,COMPLETED,PLA,1695.0,TOTAL_BUDGET,0,0,0,0,0,0,0,0
A2TBM7L53JT6,CPC-Laptop Stand-Low Clicks-24-9-2025,PAUSED,PLA,300.0,DAILY_BUDGET,0,0,0,0,0,0,0,0
A3ZRMY6404BV,Insulated LunchBox,COMPLETED,PLA,1000.0,TOTAL_BUDGET,0,0,0,0,0,0,0,0
A4N9ZAAWZOAH,Cable Ties,BUDGET_MET,PLA,1000.0,TOTAL_BUDGET,0,0,0,0,0,0,0,0
A4NOE9K1QUXT,Gizga & Tizum Sleeve,ABORTED,PLA,1000.0,TOTAL_BUDGET,0,0,0,0,0,0,0,0
A4SL4U6O,SunGlasses,COMPLETED,PLA,1695.0,TOTAL_BUDGET,0,0,0,0,0,0,0,0
A4SUWQQW1GY2,Chopping Board,BUDGET_MET,PLA,1000.0,TOTAL_BUDGET,0,0,0,0,0,0,0,0
A527580MZJXG,Bottel & Flask,COMPLETED,PLA,3000.0,TOTAL_BUDGET,0,0,0,0,0,0,0,0
A5DSY26AWU1U,Lunchboxes,COMPLETED,PLA,2000.0,TOTAL_BUDGET,0,0,0,0,0,0,0,0
A5PFJSSGJXE5,Old Laptop Bag,COMPLETED,PLA,1000.0,TOTAL_BUDGET,0,0,0,0,0,0,0,0
A6DWCAEEGAMK,Signature Series,ABORTED,PLA,1000.0,TOTAL_BUDGET,0,0,0,0,0,0,0,0
A6PSP9YCDZUY,FJ Canister Bott,COMPLETED,PLA,2000.0,TOTAL_BUDGET,0,0,0,0,0,0,0,0
A6VCUQULZSW0,Choppers,ABORTED,PLA,1000.0,TOTAL_BUDGET,0,0,0,0,0,0,0,0
A705EV2MIEOG,Sunglasses,COMPLETED,PLA,2000.0,TOTAL_BUDGET,0,0,0,0,0,0,0,0
A7QM572JE8K3,glass lunchbox,COMPLETED,PLA,1000.0,TOTAL_BUDGET,0,0,0,0,0,0,0,0
A7TGUD5D058A,HTC Charger,COMPLETED,PLA,1000.0,TOTAL_BUDGET,0,0,0,0,0,0,0,0
A83BLG9V8X3Z,New Laptop Sleeve,COMPLETED,PLA,1000.0,TOTAL_BUDGET,0,0,0,0,0,0,0,0
A8GVNKDIHSMG,Insulated LunchBox,COMPLETED,PLA,1000.0,TOTAL_BUDGET,0,0,0,0,0,0,0,0
A98Y59SD0G3S,Food Jar,ABORTED,PLA,1000.0,TOTAL_BUDGET,0,0,0,0,0,0,0,0
A9G5M17207BS,"C48,49,50",COMPLETED,PLA,1000.0,TOTAL_BUDGET,0,0,0,0,0,0,0,0
A9YC17RWDL0K,Signature Series,COMPLETED,PLA,1000.0,TOTAL_BUDGET,0,0,0,0,0,0,0,0
AAHODPT1OTG5,Insulated LunchBox,ABORTED,PLA,1000.0,TOTAL_BUDGET,0,0,0,0,0,0,0,0
AAROQPSPVKOO,Cables,COMPLETED,PLA,1000.0,TOTAL_BUDGET,0,0,0,0,0,0,0,0
AB1Y94L84EG4,HeadPhone Case,BUDGET_MET,PLA,1000.0,TOTAL_BUDGET,0,0,0,0,0,0,0,0
AC8ORQEWHH43,Chopper,COMPLETED,PLA,1000.0,TOTAL_BUDGET,0,0,0,0,0,0,0,0
AD54AQ4K,ApMs204 and PD Case,ABORTED,PLA,1695.0,TOTAL_BUDGET,0,0,0,0,0,0,0,0
AEUKAFXN,Travel Organizer,COMPLETED,PLA,848.0,TOTAL_BUDGET,0,0,0,0,0,0,0,0
AF8KC5SDAH6I,New Sleeve,COMPLETED,PLA,1000.0,TOTAL_BUDGET,0,0,0,0,0,0,0,0
AFJWG91C,Lunch Box,COMPLETED,PLA,848.0,TOTAL_BUDGET,0,0,0,0,0,0,0,0
AG5WUS4O5YY7,Laptop Sleeve,COMPLETED,PLA,1000.0,TOTAL_BUDGET,0,0,0,0,0,0,0,0
AGZW6WEUX0EF,AirCase New Sleeve,ABORTED,PLA,1000.0,TOTAL_BUDGET,0,0,0,0,0,0,0,0
AHSHPG6SJB74,TZ-CS-103,COMPLETED,PLA,1000.0,TOTAL_BUDGET,0,0,0,0,0,0,0,0
AIW8YFF91DKE,New Mobile Stand,COMPLETED,PLA,1000.0,TOTAL_BUDGET,0,0,0,0,0,0,0,0
AJ5OAF1J,GEMCWHT1,COMPLETED,PLA,848.0,TOTAL_BUDGET,0,0,0,0,0,0,0,0
AJ7GJFIRT9BK,Backpack,COMPLETED,PLA,1000.0,TOTAL_BUDGET,0,0,0,0,0,0,0,0
AJRBLZW8FLN2,"C32, C35, C56",COMPLETED,PLA,1000.0,TOTAL_BUDGET,0,0,0,0,0,0,0,0
AKHFZN4R7SXL,Signature Series,COMPLETED,PLA,1000.0,TOTAL_BUDGET,0,0,0,0,0,0,0,0
ALICEY854D3L,New Signature Series,ABORTED,PLA,1000.0,TOTAL_BUDGET,0,0,0,0,0,0,0,0
AMEJ29HQNHOD,Old Laptop Bag,COMPLETED,PLA,1000.0,TOTAL_BUDGET,0,0,0,0,0,0,0,0
AMFPAJEPJAB6,Laptop Sleeve,COMPLETED,PLA,5000.0,TOTAL_BUDGET,0,0,0,0,0,0,0,0
AMXXRHEY,HDMI Cable,ABORTED,PLA,4238.0,TOTAL_BUDGET,0,0,0,0,0,0,0,0
AN1IO5E47YBS,Card holder,COMPLETED,PLA,1000.0,TOTAL_BUDGET,0,0,0,0,0,0,0,0
AO4JDHJY1ILE,Chopper,BUDGET_MET,PLA,1000.0,TOTAL_BUDGET,0,0,0,0,0,0,0,0
AOGLNGKAVZYQ,"Z28, Z29",COMPLETED,PLA,1000.0,TOTAL_BUDGET,0,0,0,0,0,0,0,0
AOIQ4XTF8LHK,Lunchboxes,COMPLETED,PLA,1000.0,TOTAL_BUDGET,0,0,0,0,0,0,0,0
AP9JHHJH,USB hub,COMPLETED,PLA,848.0,TOTAL_BUDGET,0,0,0,0,0,0,0,0
AQITFW7723SK,Canister,BUDGET_MET,PLA,1000.0,TOTAL_BUDGET,0,0,0,0,0,0,0,0
ARLAPINMII1P,Laptop Stand Table,ABORTED,PLA,1000.0,TOTAL_BUDGET,0,0,0,0,0,0,0,0
AS1RVUJO6LBI,H36 37 lunchbox,COMPLETED,PLA,1000.0,TOTAL_BUDGET,0,0,0,0,0,0,0,0
AS9E656ESW0F,Duffel Bags,COMPLETED,PLA,1000.0,TOTAL_BUDGET,0,0,0,0,0,0,0,0
ASGUBTSR714F,USB HUB-25-12-2024,ABORTED,PLA,2000.0,TOTAL_BUDGET,0,0,0,0,0,0,0,0
AT6652JT,Lunch Box 1700,COMPLETED,PLA,4238.0,TOTAL_BUDGET,0,0,0,0,0,0,0,0
ATECWB82KPP1,HDD Case,ABORTED,PLA,,TOTAL_BUDGET,0,0,0,0,0,0,0,0
ATJIF0ZP,Earphone Case,COMPLETED,PLA,848.0,TOTAL_BUDGET,0,0,0,0,0,0,0,0
ATTT2HVFFMVZ,Gadget Organizer,BUDGET_MET,PLA,1000.0,TOTAL_BUDGET,0,0,0,0,0,0,0,0
AURESX1FZZIL,Canister Set of 4,COMPLETED,PLA,1000.0,TOTAL_BUDGET,0,0,0,0,0,0,0,0
AVLOXNQBJBZS,1700ml LunchBox,COMPLETED,PLA,1000.0,TOTAL_BUDGET,0,0,0,0,0,0,0,0
AW3K70AKZ6S8,H36 37 lunchbox,COMPLETED,PLA,1000.0,TOTAL_BUDGET,0,0,0,0,0,0,0,0
AW8Q5XYVRDSE,Earphone case,COMPLETED,PLA,1000.0,TOTAL_BUDGET,0,0,0,0,0,0,0,0
AWF7K5DF,204 PDC Slow,ABORTED,PLA,2543.0,TOTAL_BUDGET,0,0,0,0,0,0,0,0
AWI7BFIPXLQZ,iPhone case,BUDGET_MET,PLA,1000.0,TOTAL_BUDGET,0,0,0,0,0,0,0,0
AY5XHTOGO5WY,Insulated LunchBox,ABORTED,PLA,1000.0,TOTAL_BUDGET,0,0,0,0,0,0,0,0
AYJ15YVLLT7G,Insulated LunchBox,COMPLETED,PLA,1000.0,TOTAL_BUDGET,0,0,0,0,0,0,0,0
AZM5ECEJ,Bluetooth Headset,ABORTED,PLA,848.0,TOTAL_BUDGET,0,0,0,0,0,0,0,0
AZVEBRGRO63W,Laptop Table,COMPLETED,PLA,1000.0,TOTAL_BUDGET,0,0,0,0,0,0,0,0
B09BOX8C04FQ,Card holder & Matte,COMPLETED,PLA,1000.0,TOTAL_BUDGET,0,0,0,0,0,0,0,0
B102YJLKSCMP,New backpacks B,COMPLETED,PLA,1000.0,TOTAL_BUDGET,0,0,0,0,0,0,0,0
B1J3UZEEY2VI,Gadget Org pouch,COMPLETED,PLA,1000.0,TOTAL_BUDGET,0,0,0,0,0,0,0,0
B1ZWKC1MCDH8,Laptop bags,COMPLETED,PLA,2000.0,TOTAL_BUDGET,0,0,0,0,0,0,0,0
B20UQAOIP7JJ,Earphone Case,COMPLETED,PLA,1000.0,TOTAL_BUDGET,0,0,0,0,0,0,0,0
B2U08SAJU589,HTC Charger,COMPLETED,PLA,1000.0,TOTAL_BUDGET,0,0,0,0,0,0,0,0
B3W29KYJYXX4,Gadget Organizer,BUDGET_MET,PLA,1000.0,TOTAL_BUDGET,0,0,0,0,0,0,0,0
B40163HNYNT2,HeadPhone Case,ABORTED,PLA,1000.0,TOTAL_BUDGET,0,0,0,0,0,0,0,0
B455COWS,New Chopper,COMPLETED,PLA,848.0,TOTAL_BUDGET,0,0,0,0,0,0,0,0
B4D51ONDD685,Airsound,COMPLETED,PLA,1000.0,TOTAL_BUDGET,0,0,0,0,0,0,0,0
B5FVF5FWPPIG,Clone of Lunchboxes,COMPLETED,PLA,2000.0,TOTAL_BUDGET,0,0,0,0,0,0,0,0
B5RQHAKY,Laptop Sleeve,COMPLETED,PLA,3390.0,TOTAL_BUDGET,0,0,0,0,0,0,0,0
B5UGW8ELMKYD,CPC-Drawer Organiser-Fast Moving-8-10-2025,PAUSED,PLA,300.0,DAILY_BUDGET,0,0,0,0,0,0,0,0
B6LPU4137BIH,CPC-Screwdriver Set-Low CVR-8-10-2025,ABORTED,PLA,300.0,DAILY_BUDGET,0,0,0,0,0,0,0,0
B6QLWAQ6FUBO,Old Laptop Sleeve,COMPLETED,PLA,3000.0,TOTAL_BUDGET,0,0,0,0,0,0,0,0
B6R5AECR6EEE,Oil & Spice,COMPLETED,PLA,2000.0,TOTAL_BUDGET,0,0,0,0,0,0,0,0
B6Z9OCFNGBNB,Car Chargers,COMPLETED,PLA,1000.0,TOTAL_BUDGET,0,0,0,0,0,0,0,0
B7HU2MTKN5DH,Wallets,COMPLETED,PLA,1000.0,TOTAL_BUDGET,0,0,0,0,0,0,0,0
B7IO5U914XHO,H36 37 lunchbox,COMPLETED,PLA,1000.0,TOTAL_BUDGET,0,0,0,0,0,0,0,0
B7WG5DTB05AA,Sunglasses,COMPLETED,PLA,1000.0,TOTAL_BUDGET,0,0,0,0,0,0,0,0
B8T0D2R94M7K,Kickstart_campaign_Mar_4kljjmf6twbuuyet,DRAFT,PLA,1000.0,DAILY_BUDGET,0,0,0,0,0,0,0,0
B9SL09U7,208 sleeve,COMPLETED,PLA,848.0,TOTAL_BUDGET,0,0,0,0,0,0,0,0
B9U9FEXXY6RI,Insulated LunchBox,COMPLETED,PLA,1000.0,TOTAL_BUDGET,0,0,0,0,0,0,0,0
BA8SQQZRYJ45,Sunglasses,ABORTED,PLA,1000.0,TOTAL_BUDGET,0,0,0,0,0,0,0,0
BAKSGE32HUE4,Desk Mat,ABORTED,PLA,1000.0,TOTAL_BUDGET,0,0,0,0,0,0,0,0
BAOI6M0UNL65,bottel flask,COMPLETED,PLA,2000.0,TOTAL_BUDGET,0,0,0,0,0,0,0,0
BBUVMMSAEW57,Airsound,COMPLETED,PLA,1000.0,TOTAL_BUDGET,0,0,0,0,0,0,0,0
BEA5FTJU6UL9,Tizum Backpack,COMPLETED,PLA,1000.0,TOTAL_BUDGET,0,0,0,0,0,0,0,0
BEB1KI4A5PGE,Backpack,COMPLETED,PLA,1000.0,TOTAL_BUDGET,0,0,0,0,0,0,0,0
BF4L0GDDYK6L,Laptop bags,COMPLETED,PLA,2000.0,TOTAL_BUDGET,0,0,0,0,0,0,0,0
BFVG3J4HHF8E,Lid chopper,COMPLETED,PLA,1000.0,TOTAL_BUDGET,0,0,0,0,0,0,0,0
BGJPJR4L8TOF,Insulated LunchBox,COMPLETED,PLA,1000.0,TOTAL_BUDGET,0,0,0,0,0,0,0,0
BGVYR8ZBUK7S,Insulated LunchBox,COMPLETED,PLA,1000.0,TOTAL_BUDGET,0,0,0,0,0,0,0,0
BH7B71P2M2VW,New Lid Chopper,COMPLETED,PLA,1000.0,TOTAL_BUDGET,0,0,0,0,0,0,0,0
BH9NCLX319YU,Canister Bott,COMPLETED,PLA,2000.0,TOTAL_BUDGET,0,0,0,0,0,0,0,0
BHS9GFVW8EU8,New backpacks B,COMPLETED,PLA,1000.0,TOTAL_BUDGET,0,0,0,0,0,0,0,0
BIH6WGW2N845,Z95 & GE-GU10,ABORTED,PLA,1000.0,TOTAL_BUDGET,0,0,0,0,0,0,0,0
BIKTH8PVY2RN,Sunglasses All,ABORTED,PLA,1000.0,TOTAL_BUDGET,0,0,0,0,0,0,0,0
BJ3UPEZ9R31L,Signature Series,COMPLETED,PLA,1000.0,TOTAL_BUDGET,0,0,0,0,0,0,0,0
BK3ACYXH,Flask Thermos,COMPLETED,PLA,1695.0,TOTAL_BUDGET,0,0,0,0,0,0,0,0
BK639EM4QBLL,Signature Series,BUDGET_MET,PLA,1000.0,TOTAL_BUDGET,0,0,0,0,0,0,0,0
BK7WHXI0,Hard Drive Case,ABORTED,PLA,1695.0,TOTAL_BUDGET,0,0,0,0,0,0,0,0
BKBCKF3O6G9Z,G18 & 20,COMPLETED,PLA,1000.0,TOTAL_BUDGET,0,0,0,0,0,0,0,0
BKX4FZ9B,Car n Wall chargers,COMPLETED,PLA,1695.0,TOTAL_BUDGET,0,0,0,0,0,0,0,0
BL5YY7OOHU7D,Apple Pencil,ABORTED,PLA,2000.0,TOTAL_BUDGET,0,0,0,0,0,0,0,0
BM5EA3CFLJIW,Sleeve Backpack,COMPLETED,PLA,1000.0,TOTAL_BUDGET,0,0,0,0,0,0,0,0
BN14UGUM09UB,Food Jar,COMPLETED,PLA,1000.0,TOTAL_BUDGET,0,0,0,0,0,0,0,0
BNM1HL7KPMA8,New Laptop Sleeve,COMPLETED,PLA,2000.0,TOTAL_BUDGET,0,0,0,0,0,0,0,0
BNX7I7DV,Headphones,COMPLETED,PLA,2543.0,TOTAL_BUDGET,0,0,0,0,0,0,0,0
BOG8JW5CR344,Car Chargers,COMPLETED,PLA,1000.0,TOTAL_BUDGET,0,0,0,0,0,0,0,0
BORCGUPWLN4X,Canister n food jar,COMPLETED,PLA,1000.0,TOTAL_BUDGET,0,0,0,0,0,0,0,0
BP9EUDBD,Laptop Metal Stand,ABORTED,PLA,848.0,TOTAL_BUDGET,0,0,0,0,0,0,0,0
BQHL3LR0,GECKO SLEEVE,COMPLETED,PLA,848.0,TOTAL_BUDGET,0,0,0,0,0,0,0,0
BQKAKNFWQFS7,Chopper,COMPLETED,PLA,1000.0,TOTAL_BUDGET,0,0,0,0,0,0,0,0
BQT2GV0E7H3I,Car Charger,COMPLETED,PLA,1000.0,TOTAL_BUDGET,0,0,0,0,0,0,0,0
BR6YB43EO1KM,Car Chargers,COMPLETED,PLA,1000.0,TOTAL_BUDGET,0,0,0,0,0,0,0,0
BRCBYSWI,AUX Cables,COMPLETED,PLA,1695.0,TOTAL_BUDGET,0,0,0,0,0,0,0,0
BROQQBFRXXR4,Sunglasses,COMPLETED,PLA,2000.0,TOTAL_BUDGET,0,0,0,0,0,0,0,0
BRXJW1DP,Car Holders,COMPLETED,PLA,1695.0,TOTAL_BUDGET,0,0,0,0,0,0,0,0
BS4VVKP1R3VW,New Laptop Sleeve,COMPLETED,PLA,1000.0,TOTAL_BUDGET,0,0,0,0,0,0,0,0
BSOC2K78LZLY,Food Jar,ABORTED,PLA,1000.0,TOTAL_BUDGET,0,0,0,0,0,0,0,0
BUDXDE0J,A16 RED Cable,COMPLETED,PLA,848.0,TOTAL_BUDGET,0,0,0,0,0,0,0,0
BUOZY45WX8QZ,Choppers,COMPLETED,PLA,1000.0,TOTAL_BUDGET,0,0,0,0,0,0,0,0
BV4GNT9GMUO3,Signature Series,ABORTED,PLA,1000.0,TOTAL_BUDGET,0,0,0,0,0,0,0,0
BV6P6QU6PQTQ,C96 Series Sleeves,ABORTED,PLA,1000.0,TOTAL_BUDGET,0,0,0,0,0,0,0,0
BV7B4PU6DIDY,LunchBox,COMPLETED,PLA,5000.0,TOTAL_BUDGET,0,0,0,0,0,0,0,0
BVHPN7BMX7N8,AY_Aircase_CPC,ABORTED,PLA,67000.0,TOTAL_BUDGET,0,0,0,0,0,0,0,0
BWDFZJ05DXAS,Stand and Adapter-27-9-204,ABORTED,PLA,2694.92,TOTAL_BUDGET,0,0,0,0,0,0,0,0
BWU36FBYFVJR,11 in 1,COMPLETED,PLA,,TOTAL_BUDGET,0,0,0,0,0,0,0,0
BWZZ7M5Z2OJK,Stand-20-12-2024,ABORTED,PLA,4000.0,TOTAL_BUDGET,0,0,0,0,0,0,0,0
BXV84O00M40E,Speaker,ABORTED,PLA,1000.0,TOTAL_BUDGET,0,0,0,0,0,0,0,0
BYS6YK1RFFEI,Insulated LunchBox,COMPLETED,PLA,1000.0,TOTAL_BUDGET,0,0,0,0,0,0,0,0
BZN0XW49F6A6,Canister,COMPLETED,PLA,1000.0,TOTAL_BUDGET,0,0,0,0,0,0,0,0
BZP00NRD,HomePuff Table,ABORTED,PLA,848.0,TOTAL_BUDGET,0,0,0,0,0,0,0,0
C2D2T187HJ0T,Signature Series,BUDGET_MET,PLA,1000.0,TOTAL_BUDGET,0,0,0,0,0,0,0,0
C2FUET1S3151,iWatch Strap,ABORTED,PLA,1000.0,TOTAL_BUDGET,0,0,0,0,0,0,0,0
C2SUV88N7OZD,Insulated LunchBox,COMPLETED,PLA,1000.0,TOTAL_BUDGET,0,0,0,0,0,0,0,0
C2WJN9WHETLT,Tizum Mobile Stand,COMPLETED,PLA,1000.0,TOTAL_BUDGET,0,0,0,0,0,0,0,0
C3WC5RVC,Headphones,COMPLETED,PLA,2543.0,TOTAL_BUDGET,0,0,0,0,0,0,0,0
C45YSM320A9R,CPC-SLing Bag-20-8-2025,PAUSED,PLA,300.0,DAILY_BUDGET,0,0,0,0,0,0,0,0
C512PQFH5SDR,AUX & Slow Cable,COMPLETED,PLA,1000.0,TOTAL_BUDGET,0,0,0,0,0,0,0,0
C5KL8C3U5K4V,FKSB-Laptopbag-Sep-D,ABORTED,PLA,30000.0,TOTAL_BUDGET,0,0,0,0,0,0,0,0
C5OBFD2S,AirCase Laptop Sleev,COMPLETED,PLA,4238.0,TOTAL_BUDGET,0,0,0,0,0,0,0,0
C6R0IS3679OF,Sunglasses,COMPLETED,PLA,1000.0,TOTAL_BUDGET,0,0,0,0,0,0,0,0
C78NVFRHVHCF,Stylus,ABORTED,PLA,1000.0,TOTAL_BUDGET,0,0,0,0,0,0,0,0
C7KGZVOT7AR9,Wallets,ABORTED,PLA,1000.0,TOTAL_BUDGET,0,0,0,0,0,0,0,0
C7LS67I4UO0K,New backpacks B,ABORTED,PLA,1000.0,TOTAL_BUDGET,0,0,0,0,0,0,0,0
C7O2BRX3TZ2Z,Airsound,COMPLETED,PLA,1000.0,TOTAL_BUDGET,0,0,0,0,0,0,0,0
C7YDPTC7FQDL,Insulated LunchBox,COMPLETED,PLA,1000.0,TOTAL_BUDGET,0,0,0,0,0,0,0,0
C7ZDBPKISJW8,Chopping Board,COMPLETED,PLA,1000.0,TOTAL_BUDGET,0,0,0,0,0,0,0,0
C8ATM9G19Z5L,Backpack,COMPLETED,PLA,1000.0,TOTAL_BUDGET,0,0,0,0,0,0,0,0
C8O5XS3O4DOP,Backpack,BUDGET_MET,PLA,1000.0,TOTAL_BUDGET,0,0,0,0,0,0,0,0
C8QYCKEJHMYK,Mobile Cables,COMPLETED,PLA,1000.0,TOTAL_BUDGET,0,0,0,0,0,0,0,0
C8XGHOCS75ZR,Cutting Board,COMPLETED,PLA,1000.0,TOTAL_BUDGET,0,0,0,0,0,0,0,0
C9R8BGRLT6FD,Backpack,COMPLETED,PLA,1000.0,TOTAL_BUDGET,0,0,0,0,0,0,0,0
C9V4DRYTZLDL,Mobile Stand,COMPLETED,PLA,1000.0,TOTAL_BUDGET,0,0,0,0,0,0,0,0
CA7EMSX7,Sunglasses Low Sale,COMPLETED,PLA,1695.0,TOTAL_BUDGET,0,0,0,0,0,0,0,0
CB1SG5NBL7Z5,Kettle,COMPLETED,PLA,2000.0,TOTAL_BUDGET,0,0,0,0,0,0,0,0
CBAXJ3Z2BHGJ,CPC-HN-Storage Cabinet-26-11-2025,PAUSED,PLA,300.0,DAILY_BUDGET,0,0,0,0,0,0,0,0
CC22VMFT4INJ,Signature Series,COMPLETED,PLA,1000.0,TOTAL_BUDGET,0,0,0,0,0,0,0,0
CCFHL7R0,Laptop Metal Stand,COMPLETED,PLA,848.0,TOTAL_BUDGET,0,0,0,0,0,0,0,0
CCRRRSZRUYRZ,HB LunchBox,ABORTED,PLA,1000.0,TOTAL_BUDGET,0,0,0,0,0,0,0,0
CD2HAFRBUB2O,Airplus Lightning,ABORTED,PLA,1000.0,TOTAL_BUDGET,0,0,0,0,0,0,0,0
CDHUA86F7N8Y,car charger,COMPLETED,PLA,1000.0,TOTAL_BUDGET,0,0,0,0,0,0,0,0
CDYHI9WVAC98,Laptop Bag,COMPLETED,PLA,1000.0,TOTAL_BUDGET,0,0,0,0,0,0,0,0
CDZQST4T695Y,Signature Series,BUDGET_MET,PLA,1000.0,TOTAL_BUDGET,0,0,0,0,0,0,0,0
CE12A8CM856Z,Insulated LunchBox,COMPLETED,PLA,1000.0,TOTAL_BUDGET,0,0,0,0,0,0,0,0
CF1TGU8VYSXI,Z95 & GE-GU10,ABORTED,PLA,1000.0,TOTAL_BUDGET,0,0,0,0,0,0,0,0
CFHIIFPB8QS3,Insulated LunchBox,COMPLETED,PLA,1000.0,TOTAL_BUDGET,0,0,0,0,0,0,0,0
CFJQXWGMQNGV,"C17,C18",COMPLETED,PLA,1000.0,TOTAL_BUDGET,0,0,0,0,0,0,0,0
CFK1251TCPCF,Flaskss all,COMPLETED,PLA,1000.0,TOTAL_BUDGET,0,0,0,0,0,0,0,0
CG3THSFOPX7N,Kids LunchBox,ABORTED,PLA,1000.0,TOTAL_BUDGET,0,0,0,0,0,0,0,0
CHPNV31KGBAU,New Lightning Cable,COMPLETED,PLA,1000.0,TOTAL_BUDGET,0,0,0,0,0,0,0,0
CIEUN452U0LV,Glass Lunchbox,COMPLETED,PLA,1000.0,TOTAL_BUDGET,0,0,0,0,0,0,0,0
CJ7XOHOYP4TK,Gadget - Echo,ABORTED,PLA,1000.0,TOTAL_BUDGET,0,0,0,0,0,0,0,0
CJ9Y66MO,Chopper,COMPLETED,PLA,848.0,TOTAL_BUDGET,0,0,0,0,0,0,0,0
CJM6T48RMZ1D,Gadget - Echo,ABORTED,PLA,1000.0,TOTAL_BUDGET,0,0,0,0,0,0,0,0
CJMOKU40WPM5,Low Sale Sunglass,BUDGET_MET,PLA,1000.0,TOTAL_BUDGET,0,0,0,0,0,0,0,0
CJX4HRUVP4JV,Food Jar,BUDGET_MET,PLA,1000.0,TOTAL_BUDGET,0,0,0,0,0,0,0,0
CK8SSZTQTG79,Signature Series,COMPLETED,PLA,1000.0,TOTAL_BUDGET,0,0,0,0,0,0,0,0
CKTBKKLVSEG9,Insulated LunchBox,ABORTED,PLA,1000.0,TOTAL_BUDGET,0,0,0,0,0,0,0,0
CL661KRG,Tizum Car Charger,COMPLETED,PLA,848.0,TOTAL_BUDGET,0,0,0,0,0,0,0,0
CL6XSP0J962E,1700ml LunchBox,COMPLETED,PLA,1000.0,TOTAL_BUDGET,0,0,0,0,0,0,0,0
CLJFFEL3I8AX,Kids LunchBox,ABORTED,PLA,1000.0,TOTAL_BUDGET,0,0,0,0,0,0,0,0
CLUJU4DQEZ5H,Sunglasses,ABORTED,PLA,1000.0,TOTAL_BUDGET,0,0,0,0,0,0,0,0
CM2TEWKGV243,New Laptop Sleeve,COMPLETED,PLA,1000.0,TOTAL_BUDGET,0,0,0,0,0,0,0,0
CMMEZOXPCZDJ,New backpacks,COMPLETED,PLA,1000.0,TOTAL_BUDGET,0,0,0,0,0,0,0,0
CND84O9T,laptop sleeve,COMPLETED,PLA,1696.0,TOTAL_BUDGET,0,0,0,0,0,0,0,0
CO1CLY5H5KS7,H36 37 lunchbox,ABORTED,PLA,1000.0,TOTAL_BUDGET,0,0,0,0,0,0,0,0
COH2VVM2G7D8,Canister,ABORTED,PLA,1000.0,TOTAL_BUDGET,0,0,0,0,0,0,0,0
CPGK0X235UPB,C51,COMPLETED,PLA,1000.0,TOTAL_BUDGET,0,0,0,0,0,0,0,0
CPPXSOUQKO2G,chopper,COMPLETED,PLA,1000.0,TOTAL_BUDGET,0,0,0,0,0,0,0,0
CQ532V2GID0M,Airsound,ABORTED,PLA,1000.0,TOTAL_BUDGET,0,0,0,0,0,0,0,0
CQ87W778,Laptop Sleeve,COMPLETED,PLA,1695.0,TOTAL_BUDGET,0,0,0,0,0,0,0,0
CQ88OJ6CMM7D,HDD Case,COMPLETED,PLA,2000.0,TOTAL_BUDGET,0,0,0,0,0,0,0,0
CQSCBUCC9DSW,Clone of Airsound ads,ABORTED,PLA,3000.0,TOTAL_BUDGET,0,0,0,0,0,0,0,0
CR3S80G9GVES,Gadget Organizer,ABORTED,PLA,1000.0,TOTAL_BUDGET,0,0,0,0,0,0,0,0
CR8ZKO9W1JUD,G41,ABORTED,PLA,1000.0,TOTAL_BUDGET,0,0,0,0,0,0,0,0
CSCW7UCDAM0N,"Z28, Z29",COMPLETED,PLA,1000.0,TOTAL_BUDGET,0,0,0,0,0,0,0,0
CU8SVLKC,Tukzer USB Low Sale,COMPLETED,PLA,1695.0,TOTAL_BUDGET,0,0,0,0,0,0,0,0
CXU1S4DFWU9M,Chopping board,ABORTED,PLA,1000.0,TOTAL_BUDGET,0,0,0,0,0,0,0,0
CY1KT8M6XGDK,Car Chargers,COMPLETED,PLA,1000.0,TOTAL_BUDGET,0,0,0,0,0,0,0,0
CYI5BTB7H34C,New Mobile Stand,COMPLETED,PLA,1000.0,TOTAL_BUDGET,0,0,0,0,0,0,0,0
CYM1U69C0YJY,Boost_Sales_Bags 27-11-2025,PAUSED,PLA,300.0,DAILY_BUDGET,0,0,0,0,0,0,0,0
CZBDV0T9CE31,Gadget Organizer,COMPLETED,PLA,1000.0,TOTAL_BUDGET,0,0,0,0,0,0,0,0
CZMIP4TGR6X0,Sunglasses,ABORTED,PLA,1000.0,TOTAL_BUDGET,0,0,0,0,0,0,0,0
CZVAQCBA5QXB,GE Color Sleeves,ABORTED,PLA,1000.0,TOTAL_BUDGET,0,0,0,0,0,0,0,0
D082PYTQ,LunchBox,COMPLETED,PLA,848.0,TOTAL_BUDGET,0,0,0,0,0,0,0,0
D0HRA01OZCLJ,Gadget Organizer,ABORTED,PLA,1000.0,TOTAL_BUDGET,0,0,0,0,0,0,0,0
D12SOXEL9T8K,Sunglasses,ABORTED,PLA,1000.0,TOTAL_BUDGET,0,0,0,0,0,0,0,0
D1F7G2KRW0NP,tools,COMPLETED,PLA,1000.0,TOTAL_BUDGET,0,0,0,0,0,0,0,0
